consensus_rank,player,position,average_rank,sources_ranked,espn_rank,cbs_rank,yahoo_rank,footballguys_rank,rotoballer_rank,fantasypros_rank,draftsharks_rank
1,Jahmyr Gibbs,RB,1.71,7,1,1,1,1,1,4,3
2,Bijan Robinson,RB,2.57,7,2,2,2,2,3,3,4
3,Ja'Marr Chase,WR,3.0,7,4,3,3,3,5,1,2
4,Puka Nacua,WR,3.0,7,3,4,4,5,2,2,1
5,Christian McCaffrey,RB,5.86,7,6,8,6,4,4,8,5
6,Jaxon Smith-Njigba,WR,6.0,7,5,5,5,9,7,5,6
7,Amon-Ra St. Brown,WR,7.71,7,8,6,8,10,9,6,7
8,Jonathan Taylor,RB,8.0,7,7,7,7,6,8,11,10
9,CeeDee Lamb,WR,8.86,7,9,10,9,13,6,7,8
10,Justin Jefferson,WR,11.43,7,11,13,11,17,10,9,9
11,James Cook III,RB,12.57,7,15,9,10,14,11,17,12
12,Ashton Jeanty,RB,13.0,7,17,16,12,7,14,14,11
13,Drake London,WR,13.71,7,13,17,13,18,12,10,13
14,De'Von Achane,RB,15.43,7,10,14,20,11,17,19,17
15,Saquon Barkley,RB,16.83,6,19,18,14,19,13,,18
16,Chase Brown,RB,17.14,7,22,11,15,15,18,18,21
17,Omarion Hampton,RB,18.43,7,18,15,16,16,19,23,22
18,Nico Collins,WR,18.86,7,25,19,18,20,21,13,16
19,A.J. Brown,WR,19.71,7,27,24,25,12,24,12,14
20,Brock Bowers,TE,20.0,7,24,23,19,8,22,20,24
21,Kenneth Walker III,RB,21.0,6,30,21,17,23,15,,20
22,George Pickens,WR,21.29,7,29,22,21,26,16,16,19
23,Rashee Rice,WR,21.57,7,14,12,31,22,36,21,15
24,Derrick Henry,RB,21.8,5,20,20,22,27,20,,
25,Trey McBride,TE,21.86,7,16,25,24,21,27,15,25
26,Jeremiyah Love,RB,24.4,5,12,33,27,25,25,,
27,Chris Olave,WR,26.67,6,28,26,29,32,23,22,
28,DeVonta Smith,WR,27.5,6,34,28,23,30,26,24,
29,Josh Allen,QB,29.29,7,36,35,26,31,29,25,23
30,Josh Jacobs,RB,29.8,5,21,29,34,28,37,,
31,Breece Hall,RB,30.4,5,23,36,35,24,34,,
32,Kyren Williams,RB,31.4,5,37,30,33,29,28,,
33,Zay Flowers,WR,32.4,5,33,32,30,34,33,,
34,Javonte Williams,RB,33.6,5,31,37,36,33,31,,
35,Tee Higgins,WR,34.8,5,46,27,28,43,30,,
36,Emeka Egbuka,WR,39.0,5,35,31,43,44,42,,
37,Tetairoa McMillan,WR,39.0,5,32,43,38,38,44,,
38,Garrett Wilson,WR,39.4,5,26,42,41,47,41,,
39,Travis Etienne Jr.,RB,40.0,5,38,48,47,35,32,,
40,Ladd McConkey,WR,40.2,5,44,41,40,37,39,,
41,Cam Skattebo,RB,41.8,5,39,40,44,39,47,,
42,Terry McLaurin,WR,42.0,5,45,38,42,45,40,,
43,Jaylen Waddle,WR,42.2,5,47,45,32,42,45,,
44,Colston Loveland,TE,42.8,5,49,34,37,56,38,,
45,Malik Nabers,WR,44.0,5,42,47,49,36,46,,
46,Luther Burden III,WR,45.6,5,53,39,45,48,43,,
47,Quinshon Judkins,RB,47.6,5,40,46,54,41,57,,
48,Davante Adams,WR,47.8,5,43,55,48,58,35,,
49,Lamar Jackson,QB,50.4,5,56,44,39,65,48,,
50,D'Andre Swift,RB,51.4,5,62,49,46,49,51,,
51,DJ Moore,WR,51.6,5,54,51,61,40,52,,
52,Bucky Irving,RB,51.8,5,41,54,59,46,59,,
53,Jameson Williams,WR,54.0,5,48,65,55,53,49,,
54,Drake Maye,QB,55.0,5,57,50,58,52,58,,
55,David Montgomery,RB,55.6,5,63,56,53,51,55,,
56,Tyler Warren,TE,56.6,5,50,53,56,55,69,,
57,Jayden Daniels,QB,59.2,5,55,59,57,72,53,,
58,Rome Odunze,WR,59.2,5,52,58,50,64,72,,
59,TreVeyon Henderson,RB,59.2,5,59,57,63,61,56,,
60,Joe Burrow,QB,60.6,5,74,52,51,63,63,,
61,Bhayshul Tuten,RB,62.4,5,60,61,60,77,54,,
62,Mike Evans,WR,63.0,5,79,67,62,57,50,,
63,Carnell Tate,WR,65.0,5,51,75,69,66,64,,
64,Jalen Hurts,QB,66.0,5,58,64,64,73,71,,
65,Christian Watson,WR,66.4,5,77,62,52,79,62,,
66,Jadarian Price,RB,67.0,5,61,70,66,78,60,,
67,Tony Pollard,RB,69.0,5,64,63,77,75,66,,
68,Marvin Harrison Jr.,WR,70.6,5,65,71,72,80,65,,
69,Parker Washington,WR,71.6,5,76,69,65,81,67,,
70,Brian Thomas Jr.,WR,73.4,5,80,68,70,76,73,,
71,Jaylen Warren,RB,73.8,5,95,72,74,50,78,,
72,Alec Pierce,WR,74.4,5,69,66,79,67,91,,
73,DK Metcalf,WR,75.0,5,68,89,81,62,75,,
74,Chuba Hubbard,RB,75.2,5,98,76,73,59,70,,
75,Kyle Pitts Sr.,TE,75.6,5,71,74,84,60,89,,
76,Sam LaPorta,TE,78.4,5,73,60,78,87,94,,
77,Rhamondre Stevenson,RB,78.6,5,96,84,76,69,68,,
78,Courtland Sutton,WR,78.8,5,66,81,94,74,79,,
79,Harold Fannin Jr.,TE,78.8,5,72,80,82,68,92,,
80,Tucker Kraft,TE,79.4,5,110,73,68,70,76,,
81,Jordyn Tyson,WR,80.6,5,70,95,83,94,61,,
82,Caleb Williams,QB,83.2,5,87,96,71,88,74,,
83,Dak Prescott,QB,83.8,5,83,77,85,90,84,,
84,Rico Dowdle,RB,84.6,5,97,83,80,86,77,,
85,Michael Pittman Jr.,WR,85.6,5,67,104,108,54,95,,
86,Justin Herbert,QB,88.2,5,93,91,67,110,80,,
87,Trevor Lawrence,QB,89.4,5,82,98,75,109,83,,
88,Jordan Addison,WR,92.0,5,92,86,101,99,82,,
89,Brock Purdy,QB,92.2,5,85,108,89,93,86,,
90,Michael Wilson,WR,93.2,5,90,99,105,85,87,,
91,Jakobi Meyers,WR,93.6,5,81,87,113,106,81,,
92,Jaxson Dart,QB,94.8,5,75,97,88,126,88,,
93,Chris Godwin Jr.,WR,96.4,5,125,78,86,92,101,,
94,J.K. Dobbins,RB,96.4,5,106,90,97,104,85,,
95,Josh Downs,WR,97.6,5,114,82,99,97,96,,
96,RJ Harvey,RB,98.2,5,107,85,100,102,97,,
97,George Kittle,TE,99.4,5,101,112,92,82,110,,
98,Makai Lemon,WR,99.8,5,89,110,93,103,104,,
99,Quentin Johnston,WR,100.0,5,128,79,90,91,112,,
100,Travis Kelce,TE,102.4,5,103,101,116,71,121,,
101,Jayden Reed,WR,103.2,5,113,109,96,100,98,,
102,Kenny Gainwell,RB,103.4,5,100,107,103,101,106,,
103,Wan'Dale Robinson,WR,103.8,5,88,92,128,95,116,,
104,Kyle Monangai,RB,104.8,5,108,106,98,107,105,,
105,Rachaad White,RB,104.8,5,105,102,111,83,123,,
106,Ricky Pearsall,WR,105.4,5,91,94,87,147,108,,
107,Bo Nix,QB,106.8,5,84,131,102,114,103,,
108,Mark Andrews,TE,107.0,5,109,121,119,84,102,,
109,Matthew Golden,WR,107.0,5,78,123,123,96,115,,
110,Blake Corum,RB,107.4,5,121,114,91,121,90,,
111,Isaiah Likely,TE,107.6,5,117,88,112,89,132,,
112,Patrick Mahomes II,QB,107.6,5,94,117,110,124,93,,
113,Matthew Stafford,QB,108.2,5,86,115,117,123,100,,
114,Aaron Jones Sr.,RB,109.6,5,99,113,121,98,117,,
115,Xavier Worthy,WR,110.2,5,126,100,115,111,99,,
116,Jonathon Brooks,RB,111.2,5,115,103,95,115,128,,
117,Jordan Mason,RB,113.0,5,123,105,104,119,114,,
118,Dallas Goedert,TE,115.2,5,102,118,114,116,126,,
119,Jacory Croskey-Merritt,RB,116.0,5,120,93,109,120,138,,
120,KC Concepcion,WR,117.2,5,124,111,126,112,113,,
121,Dalton Kincaid,TE,119.0,5,118,133,106,129,109,,
122,Romeo Doubs,WR,122.0,5,127,122,118,113,130,,
123,Kyler Murray,QB,122.6,5,133,145,107,117,111,,
124,Khalil Shakir,WR,125.0,5,112,126,148,108,131,,
125,Jalen Coker,WR,125.4,5,131,124,129,118,125,,
126,Jared Goff,QB,126.6,5,136,120,120,138,119,,
127,Jayden Higgins,WR,126.6,5,129,139,124,105,136,,
128,Jake Ferguson,TE,127.0,5,104,144,136,127,124,,
129,Chris Rodriguez Jr.,RB,128.0,5,140,119,122,132,127,,
130,Tyrone Tracy Jr.,RB,132.4,5,156,116,125,130,135,,
131,Woody Marks,RB,135.0,5,122,125,146,134,148,,
132,Isiah Pacheco,RB,136.6,5,139,128,142,135,139,,
133,Tyler Shough,QB,136.8,5,134,142,130,160,118,,
134,Rashid Shaheed,WR,141.4,5,132,151,140,140,144,,
135,Baker Mayfield,QB,142.0,5,149,155,137,149,120,,
136,Denzel Boston,WR,145.4,5,145,132,172,128,150,,
137,Zach Charbonnet,RB,146.0,5,137,127,138,122,206,,
138,Tyjae Spears,RB,146.6,5,158,138,143,125,169,,
139,Jalen Nailor,WR,147.2,5,161,129,155,133,158,,
140,Tre Tucker,WR,147.8,5,153,130,157,137,162,,
141,Jalen McMillan,WR,148.2,5,143,149,173,139,137,,
142,Alvin Kamara,RB,149.2,5,138,140,145,141,182,,
143,Brian Robinson Jr.,RB,150.0,5,157,154,144,148,147,,
144,Daniel Jones,QB,150.5,4,135,,156,171,140,,
145,Jordan Love,QB,150.8,5,198,147,134,168,107,,
146,Tyler Allgeier,RB,151.0,5,166,136,131,144,178,,
147,Hunter Henry,TE,151.8,5,119,181,166,151,142,,
148,Omar Cooper Jr.,WR,153.2,5,152,152,158,159,145,,
149,Jerry Jeudy,WR,153.4,5,130,166,174,131,166,,
150,Kenyon Sadiq,TE,154.8,5,116,167,180,156,155,,
151,Malik Willis,QB,154.8,5,150,143,133,226,122,,
152,Stefon Diggs,WR,155.4,5,203,137,127,157,153,,
153,Brenton Strange,TE,157.6,5,194,153,153,142,146,,
154,Juwan Johnson,TE,158.0,5,160,164,167,145,154,,
155,Chig Okonkwo,TE,159.8,5,217,134,135,162,151,,
156,Keaton Mitchell,RB,160.0,5,168,160,139,204,129,,
157,Tank Bigsby,RB,160.4,5,142,184,141,161,174,,
158,Houston Texans D/ST,DST,160.75,4,170,,154,163,156,,
159,Jauan Jennings,WR,161.4,5,163,188,170,143,143,,
160,Calvin Ridley,WR,162.6,5,144,170,195,152,152,,
161,T.J. Hockenson,TE,164.6,5,111,193,197,154,168,,
162,Denver Broncos D/ST,DST,164.75,4,169,,160,165,165,,
163,Seattle Seahawks D/ST,DST,165.5,4,172,,161,166,163,,
164,Braelon Allen,RB,166.6,5,141,189,150,155,198,,
165,Dylan Sampson,RB,166.6,5,225,141,151,136,180,,
166,Brandon Aubrey,K,167.25,4,181,,175,164,149,,
167,Adonai Mitchell,WR,171.6,5,151,173,147,202,185,,
168,Los Angeles Rams D/ST,DST,172.0,4,173,,165,189,161,,
169,Ka'imi Fairbairn,K,174.5,4,185,,182,167,164,,
170,Cleveland Browns D/ST,DST,176.0,1,176,,,,,,
171,Travis Hunter,WR,178.8,5,146,195,149,213,191,,
172,Dalton Schultz,TE,179.6,5,207,174,196,150,171,,
173,Cameron Dicker,K,180.25,4,182,,189,169,181,,
174,Antonio Williams,WR,180.6,5,148,135,201,227,192,,
175,Deebo Samuel Sr.,WR,180.6,5,202,162,176,196,167,,
176,Cam Little,K,181.75,4,188,,188,181,170,,
177,Oronde Gadsden II,TE,181.8,5,216,158,152,242,141,,
178,Germie Bernard,WR,182.0,5,147,165,231,195,172,,
179,C.J. Stroud,QB,182.8,5,200,197,159,224,134,,
180,Pittsburgh Steelers D/ST,DST,183.25,4,171,,187,172,203,,
181,Jason Myers,K,184.25,4,183,,205,170,179,,
182,Ryan Flournoy,WR,184.5,4,208,,194,179,157,,
183,Mike Washington Jr.,RB,185.2,5,154,169,162,228,213,,
184,Minnesota Vikings D/ST,DST,185.67,3,,,184,174,199,,
185,Ray Davis,RB,188.8,5,155,183,171,235,200,,
186,Kaytron Allen,RB,189.0,4,212,179,179,,186,,
187,Sam Darnold,QB,189.75,4,218,,164,244,133,,
188,Jonah Coleman,RB,192.2,5,221,157,132,263,188,,
189,Rashod Bateman,WR,193.25,4,162,,238,146,227,,
190,Baltimore Ravens D/ST,DST,193.33,3,174,,190,,216,,
191,Isaac TeSlaa,WR,193.5,4,205,,193,201,175,,
192,Los Angeles Chargers D/ST,DST,193.5,4,180,,203,177,214,,
193,Cam Ward,QB,194.25,4,199,,168,251,159,,
194,Detroit Lions D/ST,DST,197.0,2,178,,216,,,,
195,Malik Washington,WR,197.6,5,229,150,229,158,222,,
196,Bryce Young,QB,198.0,4,219,,163,250,160,,
197,James Conner,RB,198.0,4,167,163,178,,284,,
198,Justice Hill,RB,198.0,4,193,,227,153,219,,
199,Cairo Santos,K,199.5,2,191,,208,,,,
200,Jordan James,RB,199.8,5,195,148,241,220,195,,
201,Tre' Harris,WR,200.5,4,204,,212,193,193,,
202,Darnell Mooney,WR,201.8,5,165,177,232,198,237,,
203,Jaylin Noel,WR,202.25,4,164,,217,217,211,,
204,Emmett Johnson,RB,202.8,5,223,161,198,203,229,,
205,Eddy Pineiro,K,203.75,4,186,,200,176,253,,
206,Terrance Ferguson,TE,204.25,4,159,,210,261,187,,
207,New England Patriots D/ST,DST,205.0,4,177,,177,185,281,,
208,Tank Dell,WR,206.6,5,211,178,240,199,205,,
209,Greg Dulcich,TE,206.8,5,259,156,169,256,194,,
210,Jacksonville Jaguars D/ST,DST,207.0,4,254,,185,187,202,,
211,Cooper Kupp,WR,208.0,5,210,168,276,197,189,,
212,Tyler Loop,K,209.75,4,190,,214,173,262,,
213,MarShawn Lloyd,RB,210.2,5,244,175,199,221,212,,
214,AJ Barner,TE,211.0,4,258,,186,175,225,,
215,Philadelphia Eagles D/ST,DST,212.67,3,175,,183,,280,,
216,Gunnar Helm,TE,212.8,5,215,192,219,248,190,,
217,Pat Freiermuth,TE,212.8,5,206,198,242,245,173,,
218,Christian Kirk,WR,213.75,4,230,187,,215,223,,
219,Brandon Aiyuk,WR,215.6,5,209,171,209,200,289,,
220,Tyreek Hill,WR,215.6,5,233,186,220,194,245,,
221,Sean Tucker,RB,216.0,4,278,199,204,,183,,
222,Jake Bates,K,216.5,4,189,,224,180,273,,
223,Jalen Tolbert,WR,216.75,4,228,190,,219,230,,
224,Jacoby Brissett,QB,216.8,5,270,194,181,255,184,,
225,Jaydon Blue,RB,217.5,4,246,,191,223,210,,
226,Jack Bech,WR,217.6,5,201,159,273,214,241,,
227,Will Reichard,K,220.0,4,192,,230,190,268,,
228,Emanuel Wilson,RB,220.4,5,280,146,211,269,196,,
229,Green Bay Packers D/ST,DST,221.0,2,236,,206,,,,
230,Troy Franklin,WR,221.25,4,,182,245,240,218,,
231,Kevin Coleman Jr.,WR,222.0,1,,,,222,,,
232,Nicholas Singleton,RB,222.4,5,213,196,192,279,232,,
233,Caleb Douglas,WR,222.75,4,227,191,,208,265,,
234,Samaje Perine,RB,222.75,4,226,,284,184,197,,
235,Pat Bryant,WR,223.0,4,253,,222,210,207,,
236,Aaron Rodgers,QB,224.75,4,268,,213,241,177,,
237,Olamide Zaccheaus,WR,225.0,1,,,,225,,,
238,Fernando Mendoza,QB,225.5,4,220,,234,272,176,,
239,Kansas City Chiefs D/ST,DST,225.67,3,179,,207,,291,,
240,George Holani,RB,226.0,4,265,180,225,234,,,
241,Wil Lutz,K,226.0,2,,,261,191,,,
242,De'Zhaun Stribling,WR,227.25,4,234,,228,239,208,,
243,Buffalo Bills D/ST,DST,227.33,3,,,202,186,294,,
244,Kimani Vidal,RB,228.6,5,242,172,218,247,264,,
245,Ty Johnson,RB,228.67,3,249,,,182,255,,
246,Devaughn Vele,WR,229.0,3,,,255,212,220,,
247,Savion Williams,WR,231.0,1,231,,,,,,
248,Tutu Atwell,WR,231.0,1,,,,231,,,
249,Demond Claiborne,RB,231.2,5,214,185,226,287,244,,
250,Kendrick Bourne,WR,231.5,2,,,,232,231,,
251,Zachariah Branch,WR,231.6,5,224,200,246,273,215,,
252,Chris Boswell,K,232.0,4,237,,237,188,266,,
253,Chris Bell,WR,233.0,4,197,,258,230,247,,
254,Andy Borregales,K,233.0,1,,,233,,,,
255,Harrison Mevis,K,233.33,3,184,,221,,295,,
256,Xavier Legette,WR,234.0,2,252,,,216,,,
257,Mack Hollins,WR,234.0,1,,,,,234,,
258,Kayshon Boutte,WR,234.25,4,273,,248,207,209,,
259,Tampa Bay Buccaneers D/ST,DST,235.0,1,235,,,,,,
260,Devontez Walker,WR,236.0,1,,,,236,,,
261,Chase McLaughlin,K,237.25,4,238,,236,178,297,,
262,Cade Otton,TE,238.0,4,260,,239,252,201,,
263,Harrison Butker,K,238.0,3,187,,235,,292,,
264,Dontayvion Wicks,WR,238.25,4,272,,223,237,221,,
265,Kaelon Black,RB,239.25,4,196,,253,258,250,,
266,Keon Coleman,WR,242.8,5,264,176,267,233,274,,
267,Dyami Brown,WR,244.5,2,284,,,205,,,
268,New Orleans Saints D/ST,DST,245.5,2,299,,,192,,,
269,Andrei Iosivas,WR,245.67,3,295,,,209,233,,
270,Nick Westbrook-Ikhine,WR,246.0,2,274,,,218,,,
271,Kalif Raymond,WR,248.0,1,,,,,248,,
272,Tyquan Thornton,WR,248.33,3,,,251,211,283,,
273,Michael Penix Jr.,QB,249.0,1,,,249,,,,
274,DJ Giddens,RB,252.0,4,276,,271,257,204,,
275,Jaylen Wright,RB,252.75,4,240,,250,246,275,,
276,Geno Smith,QB,253.0,4,267,,247,260,238,,
277,Chris Brooks,RB,253.25,4,251,,277,229,256,,
278,LeQuint Allen Jr.,K,253.67,3,239,,279,243,,,
279,Malachi Fields,WR,254.0,2,,,280,,228,,
280,Chicago Bears D/ST,DST,254.5,4,286,,272,183,277,,
281,Jahan Dotson,WR,254.75,4,294,,260,206,259,,
282,Darnell Washington,TE,256.0,2,,,263,,249,,
283,Devin Neal,RB,256.0,1,,,256,,,,
284,Chris Brazzell II,WR,257.0,3,232,,293,,246,,
285,Darius Slayton,WR,257.0,3,275,,,238,258,,
286,Elijah Sarratt,WR,257.0,2,271,,243,,,,
287,Charlie Smyth,K,257.0,1,,,257,,,,
288,Nick Folk,K,257.0,1,257,,,,,,
289,Najee Harris,RB,257.33,3,,,252,285,235,,
290,Chimere Dike,WR,257.5,2,,,275,,240,,
291,Kaleb Johnson,RB,258.5,2,248,,269,,,,
292,Mike Gesicki,TE,259.0,3,289,,,264,224,,
293,Evan McPherson,K,259.0,2,256,,262,,,,
294,DeMario Douglas,WR,259.0,1,,,,259,,,
295,Indianapolis Colts D/ST,DST,259.5,2,255,,264,,,,
296,Adam Randall,RB,260.0,2,243,,,277,,,
297,KaVontae Turpin,WR,260.0,2,,,,253,267,,
298,Seth McGowan,RB,260.0,2,222,,298,,,,
299,Emari Demercado,RB,261.5,2,245,,278,,,,
300,Colby Parkinson,TE,261.67,3,,,259,290,236,,
301,Tua Tagovailoa,QB,262.67,3,296,,,266,226,,
302,Malik Davis,RB,263.0,2,277,,,249,,,
303,Dawson Knox,TE,263.0,1,,,,,263,,
304,Tory Horton,WR,263.5,4,261,,274,267,252,,
305,Marvin Mims Jr.,WR,263.67,3,,,295,254,242,,
306,Ollie Gordon II,RB,264.0,4,241,,215,300,300,,
307,Van Jefferson,WR,265.0,1,,,,265,,,
308,Deshaun Watson,QB,265.33,3,269,,,276,251,,
309,Ja'Kobi Lane,WR,266.0,2,262,,,270,,,
310,Trey Benson,RB,266.0,2,247,,285,,,,
311,Ted Hurst III,WR,266.75,4,263,,290,271,243,,
312,Joshua Palmer,WR,267.5,2,,,,275,260,,
313,Keenan Allen,WR,268.0,3,,,299,288,217,,
314,Mason Taylor,TE,268.0,1,,,268,,,,
315,Atlanta Falcons D/ST,DST,270.0,1,,,270,,,,
316,Elijah Arroyo,TE,270.0,1,,,,,270,,
317,Kyle Juszczyk,RB,270.5,2,250,,,291,,,
318,David Njoku,TE,271.0,4,291,,292,262,239,,
319,Evan Engram,TE,273.75,4,290,,283,268,254,,
320,Tahj Brooks,RB,274.0,1,,,,274,,,
321,Michael Mayer,TE,274.5,2,292,,,,257,,
322,Eli Stowers,TE,276.5,2,,,254,,299,,
323,Isaiah Davis,RB,277.67,3,266,,,280,287,,
324,Shedeur Sanders,QB,278.0,2,,,266,,290,,
325,Cole Kmet,TE,278.0,1,,,,,278,,
326,Jerome Ford,RB,278.0,1,,,,278,,,
327,Hollywood Brown,WR,278.5,2,,,296,,261,,
328,San Francisco 49ers D/ST,DST,279.67,3,297,,244,,298,,
329,Kendre Miller,RB,280.0,2,,,265,295,,,
330,Luke McCaffrey,WR,281.0,1,,,,281,,,
331,Phil Mafah,RB,281.0,1,,,281,,,,
332,Will Shipley,RB,281.0,1,281,,,,,,
333,Erick All Jr.,TE,282.0,1,,,282,,,,
334,Jahdae Walker,WR,282.0,1,,,,282,,,
335,Brashard Smith,RB,282.5,2,,,,286,279,,
336,Tez Johnson,WR,282.5,2,,,,293,272,,
337,Hunter Luepke,RB,283.0,1,283,,,,,,
338,Konata Mumpfield,WR,283.0,1,,,,283,,,
339,Noah Gray,TE,284.0,2,,,,292,276,,
340,Theo Johnson,TE,284.0,1,,,,284,,,
341,Skyler Bell,WR,285.0,3,,,288,296,271,,
342,Cincinnati Bengals D/ST,DST,285.0,1,285,,,,,,
343,Treylon Burks,WR,285.0,1,,,,,285,,
344,Trey Smack,K,286.5,2,287,,286,,,,
345,Elic Ayomanor,WR,286.67,3,,,294,297,269,,
346,Nick Chubb,RB,287.0,1,,,287,,,,
347,Trevor Etienne,RB,287.5,2,279,,,,296,,
348,Devin Singletary,RB,288.0,2,282,,,294,,,
349,Dallas Cowboys D/ST,DST,288.0,1,,,,,288,,
350,Jake Elliott,K,288.0,1,288,,,,,,
351,Cedric Tillman,WR,289.0,1,,,,289,,,
352,Kirk Cousins,QB,290.0,2,,,,298,282,,
353,New York Giants D/ST,DST,291.0,2,,,289,,293,,
354,Tyler Higbee,TE,293.0,2,,,300,,286,,
355,Jake Tonges,TE,293.0,1,293,,,,,,
356,Carolina Panthers D/ST,DST,295.5,2,300,,291,,,,
357,Kyle Williams,WR,297.0,1,,,297,,,,
358,New York Jets D/ST,DST,298.0,1,298,,,,,,
359,Dont'e Thornton Jr.,WR,299.0,1,,,,299,,,
