Player,Age_2025,Team_2025,Team_2024,G_2025,G_2024,G_diff_2025_minus_2024,Att_2025,Att_2024,Att_diff_2025_minus_2024,Team Att_2025,Team Att_2024,Team Att_diff_2025_minus_2024,Att_Share_2025,Att_Share_2024,Att_Share_diff_2025_minus_2024,Yds_2025,Yds_2024,Yds_diff_2025_minus_2024,YBC_2025,YBC_2024,YBC_diff_2025_minus_2024,YBC/Att_2025,YBC/Att_2024,YBC/Att_diff_2025_minus_2024,YAC_2025,YAC_2024,YAC_diff_2025_minus_2024,YAC/Att_2025,YAC/Att_2024,YAC/Att_diff_2025_minus_2024,REC_2025,REC_2024,REC_diff_2025_minus_2024,TGT_2025,TGT_2024,TGT_diff_2025_minus_2024,Team TGT_2025,Team TGT_2024,Team TGT_diff_2025_minus_2024,TGT_share_2025,TGT_share_2024,TGT_share_diff_2025_minus_2024,Rec YDS_2025,Rec YDS_2024,Rec YDS_diff_2025_minus_2024,Rush TD_2025,Rush TD_2024,Rush TD_diff_2025_minus_2024,Rec TD_2025,Rec TD_2024,Rec TD_diff_2025_minus_2024,RZ TD_2025,RZ TD_2024,RZ TD_diff_2025_minus_2024,RZ PCT_2025,RZ PCT_2024,RZ PCT_diff_2025_minus_2024,RZ REC_2025,RZ REC_2024,RZ REC_diff_2025_minus_2024,RZ REC TD_2025,RZ REC TD_2024,RZ REC TD_diff_2025_minus_2024,FPTS_2025,FPTS_2024,FPTS_diff_2025_minus_2024,FPTS/G_2025,FPTS/G_2024,FPTS/G_diff_2025_minus_2024,XFP_2025,XFP_2024,XFP_diff_2025_minus_2024,TD/G_2025,TD/G_2024,TD/G_diff_2025_minus_2024,XTD_2025,XTD_2024,XTD_diff_2025_minus_2024,fpts_diff_2025,fpts_diff_2024,fpts_diff_diff_2025_minus_2024,tds_diff_2025,tds_diff_2024,tds_diff_diff_2025_minus_2024,VOR_2025,VOR_2024,VOR_diff_2025_minus_2024,ALY_2025,ALY_2024,ALY_diff_2025_minus_2024,normalized_line_pred,Bet_Line_Rush_Yds,Bet_Line_Rush_TD,Bet_Line_Rec_Yds,Bet_Line_Rec,Bet_Line_Rec_TD,Total_Targets,Expected_Receiving_Yards,Expected_Receptions,Expected_Receiving_TDs,Expected_Fantasy_Points_PPR,Team_2026,Predicted_RECs_2026,Predicted_Rec_Yards_2026,Predicted_Rec_TDs_2026,Predicted_Rush_TDs_2026,Calculated_Expected_Points_PPR_2026,Prediction_Reasoning_2026
jonathan taylor,26,IND,IND,17,14,3,323,303,20,373,391,-18,86.6,77.49,9.11,1585,1431,154,826,859,-33,2.56,2.8,-0.24,759,572,187,2.35,1.9,0.45,46,18,28,55,31,24,77,65,12,71.43,47.69,23.74,378,136,242,18,11,7,2,1,1,14,6,8,89.7%,73.0%,16.7,4,2,2,2,1,1,362.3,244.7,117.6,21.3,17.5,3.8,18.0,17.1,0.9,1.18,0.9,0.28,0.91,0.82,0.09,3.3,0.4,2.9,0.27,0.08,0.19,9.8,6,3.8,4.45,4.02,0.43,1214.56,1242,11,,,,55,378,46,2,286,IND,49,330,1.5,11,281.20,"Market anchors used: rushing TDs=11. Receiving jumped to 46-378 in 2025 from 18-136 in 2024; project partial regression, not a full reversal, with Daniel Jones expected back for Week 1."
derrick henry,31,BAL,BAL,17,17,0,307,325,-18,392,397,-5,78.32,81.86,-3.54,1595,1921,-326,903,1012,-109,2.94,3.1,-0.16,692,909,-217,2.25,2.8,-0.55,15,19,-4,21,22,-1,73,76,-3,28.77,28.95,-0.18,150,193,-43,16,16,0,0,2,-2,10,12,-2,76.8%,85.5%,-8.7,2,4,-2,0,2,-2,279.5,336.4,-56.9,16.4,19.8,-3.4,14.9,13.9,1,0.94,1.1,-0.16,0.92,0.72,0.2,1.6,5.9,-4.3,0.02,0.38,-0.36,4.9,8.3,-3.4,4.47,4.75,-0.28,1350.27,1233.5,12,,,,21,150,15,0,225.35,BAL,18,172,0.5,12,233.55,"Market anchors used: rushing TDs=12. Receiving remained tiny at 15-150 after 19-193; Baltimore still uses him as a featured rusher and goal-line back, not a pass-game option."
james cook,26,BUF,BUF,17,16,1,309,207,102,419,361,58,73.75,57.34,16.41,1621,1009,612,935,530,405,3.03,2.6,0.43,686,479,207,2.22,2.3,-0.08,33,32,1,40,38,2,88,82,6,45.45,46.34,-0.89,291,258,33,12,16,-4,2,2,0,7,11,-4,67.5%,62.7%,4.8,3,4,-1,1,2,-1,302.2,266.7,35.5,17.8,16.7,1.1,14.7,12.6,2.1,0.82,1.1,-0.28,0.6,0.67,-0.07,3.1,4.1,-1,0.22,0.43,-0.21,6.3,5.2,1.1,4.96,4.65,0.31,950.5,1218,10,,,,40,291,33,2,255.9,BUF,33,282,1.5,10,252.00,Market anchors used: rushing TDs=10. Receiving held near 32-33 catches in consecutive seasons; the same Joe Brady/Josh Allen structure supports rushing efficiency but caps targets.
jahmyr gibbs,23,DET,DET,17,17,0,243,250,-7,407,478,-71,59.71,52.3,7.41,1223,1412,-189,842,813,29,3.47,3.3,0.17,381,599,-218,1.57,2.4,-0.83,77,52,25,94,63,31,123,110,13,76.42,57.27,19.15,616,517,99,13,16,-3,5,4,1,9,10,-1,60.5%,47.6%,12.9,12,9,3,5,2,3,366.9,362.9,4,21.6,21.3,0.3,18.0,15.3,2.7,1.06,1.2,-0.14,0.63,0.74,-0.11,3.6,6,-2.4,0.43,0.46,-0.03,10.1,9.8,0.3,4.19,5.1,-0.91,1063.23,1180.5,12,455,,3,94,455,77,3,330.55,DET,61,455,3,12,314.55,"Market anchors used: receiving yards=455, receiving TDs=3, rushing TDs=12. Receptions rose from 52 to 77; David Montgomery's exit expands the touch ceiling, though new backup Isiah Pacheco should absorb some early-down work."
bijan robinson,23,ATL,ATL,17,17,0,287,304,-17,439,454,-15,65.38,66.96,-1.58,1478,1456,22,812,728,84,2.83,2.4,0.43,666,728,-62,2.32,2.4,-0.08,79,61,18,103,72,31,119,85,34,86.55,84.71,1.84,820,431,389,7,14,-7,4,1,3,5,11,-6,52.2%,67.1%,-14.9,9,6,3,3,1,2,370.8,341.7,29.1,21.8,20.1,1.7,19.3,18,1.3,0.65,0.9,-0.25,0.56,0.7,-0.14,2.5,2.1,0.4,0.08,0.2,-0.12,10.3,8.6,1.7,4.5,4.71,-0.21,1175.5,1155,9,573,,3,103,573,79,3,323.8,ATL,68,573,3,9,312.80,"Market anchors used: receiving yards=573, receiving TDs=3, rushing TDs=9. He followed 61-431 with 79-820 and remains an elite three-down back; Kevin Stefanski is the new coach, while the receiving-yard market tempers a straight-line repeat of 2025."
saquon barkley,28,PHI,PHI,16,16,0,280,345,-65,364,453,-89,76.92,76.16,0.76,1140,2005,-865,708,1328,-620,2.53,3.8,-1.27,432,677,-245,1.54,2,-0.46,37,33,4,50,43,7,69,69,0,72.46,62.32,10.14,273,278,-5,7,13,-6,2,2,0,5,6,-1,69.4%,74.4%,-5,5,9,-4,1,2,-1,232.3,355.3,-123,14.5,22.2,-7.7,15.8,16.9,-1.1,0.56,0.9,-0.34,0.61,0.74,-0.13,-1.2,5.3,-6.5,-0.05,0.16,-0.21,3.0,10.7,-7.7,4.09,4.2,-0.11,1444.25,1069.5,7,260,,,53.12,260,39.31,2.12,227.01,PHI,35,260,2,7,221.95,"Market anchors used: receiving yards=260, rushing TDs=7. His last two receiving lines were stable at 33-278 and 37-273; a healthier line and new playcaller Sean Mannion help the offense without materially changing Barkley's target role."
devon achane,24,MIA,MIA,16,17,-1,238,203,35,380,372,8,62.63,54.57,8.06,1350,907,443,631,486,145,2.65,2.4,0.25,719,421,298,3.02,2.1,0.92,67,78,-11,85,87,-2,114,119,-5,74.56,73.11,1.45,488,592,-104,8,6,2,4,6,-2,3,4,-1,50.0%,60.3%,-10.3,7,12,-5,3,6,-3,322.8,299.9,22.9,20.2,17.6,2.6,16.6,17.2,-0.6,0.75,0.7,0.05,0.41,0.7,-0.29,3.5,0.4,3.1,0.34,0,0.34,8.7,6.1,2.6,4.18,3.6,0.58,886.32,992,5,400.5,,,90.31,400.5,71.19,4.25,265.94,MIA,58,400.5,3.5,5,248.25,"Market anchors used: receiving yards=400.5, rushing TDs=5. He posted 67-488 after 78-592; new QB Malik Willis adds passing-volume uncertainty, but minimal backfield competition keeps Achane central to the offense."
kyren williams,25,LAR,LAR,17,16,1,259,316,-57,413,397,16,62.71,79.6,-16.89,1252,1299,-47,737,693,44,2.85,2.2,0.65,515,606,-91,1.99,1.9,0.09,36,34,2,50,40,10,64,55,9,78.12,72.73,5.39,281,182,99,10,14,-4,3,2,1,10,14,-4,66.2%,88.6%,-22.4,8,7,1,3,2,1,263.3,272.1,-8.8,15.5,17,-1.5,14.6,17,-2.4,0.76,1,-0.24,0.72,0.87,-0.15,0.9,0,0.9,0.04,0.13,-0.09,4.0,5.5,-1.5,5.09,4.63,0.46,998.48,975,10,,,,50,281,36,3,239.6,LAR,35,235,1.5,10,225.00,"Market anchors used: rushing TDs=10. He has stayed in the 34-36 catch range, and Blake Corum remains the backup; the stable role and elite Rams offense support similar receiving usage."
Ashton Jeanty,22,LVR,,17,,,266,,,307,,,86.64,,,975,,,419,,,1.58,,,556,,,2.09,,,55,,,73,,,95,,,76.84,,,346,,,5,,,5,,,3,,,89.5%,,,9,,,4,,,245.1,,,14.4,,,14.6,,,0.59,,,0.44,,,-0.2,,,0.15,,,2.9,,,3.62,,,,965.5,7,350.5,,,73,350.5,55,5,258.6,LVR,50,350.5,3,7,241.60,"Market anchors used: receiving yards=350.5, rushing TDs=7. The rookie line was 55-346; new coach Klint Kubiak, a healthier line, and new QB Fernando Mendoza improve the environment while Jeanty retains a clean path to heavy volume."
kenneth walker,25,SEA,SEA,17,11,6,221,153,68,435,322,113,50.8,47.52,3.28,1027,573,454,621,263,358,2.81,1.7,1.11,406,310,96,1.84,2,-0.16,31,46,-15,36,53,-17,63,110,-47,57.14,48.18,8.96,282,299,-17,5,7,-2,0,1,-1,4,5,-1,37.8%,47.9%,-10.1,2,8,-6,0,1,-1,191.9,181.2,10.7,11.3,16.5,-5.2,11.4,16.8,-5.4,0.29,0.7,-0.41,0.41,0.72,-0.31,-0.1,-0.3,0.2,-0.12,-0.02,-0.1,-0.2,5,-5.2,4.13,4.1,0.03,869.48,939,7,,30.5,,36,282,30.5,0,194.6,KAN,30.5,255,1.5,7,200.90,"Market anchors used: receptions=30.5, rushing TDs=7. He moves from Seattle to an Andy Reid-led Kansas City offense after 31-282 in 2025 and 46-299 in 2024; the reception market limits the catch projection despite an improved scoring setting."
christian mccaffrey,29,SFO,SFO,17,4,13,311,50,261,405,328,77,76.79,15.24,61.55,1202,202,1000,728,116,612,2.34,2.3,0.04,474,86,388,1.52,1.7,-0.18,102,15,87,129,19,110,169,60,109,76.33,31.67,44.66,924,146,778,10,0,10,7,0,7,10,0,10,84.3%,10.3%,74,20,3,17,7,0,7,416.6,47.8,368.8,24.5,12,12.5,25.5,14,11.5,1.0,0,1,1.23,0.3,0.93,-1.0,-2,1,-0.23,-0.3,0.07,13.0,0.5,12.5,4.29,4.65,-0.36,950.27,938,8,564.5,,4,129,564.5,102,4,324.25,SFO,68,564.5,4,8,290.25,"Market anchors used: receiving yards=564.5, receiving TDs=4, rushing TDs=8. He rebounded to 102-924 after an injury-shortened 15-146 season; age 30 and 450 touches including playoffs call for regression, but Kyle Shanahan's usage preserves a high receiving floor."
javonte williams,25,DAL,DEN,16,17,-1,252,139,113,383,343,40,65.8,40.52,25.28,1201,513,688,599,258,341,2.38,1.9,0.48,602,255,347,2.39,1.8,0.59,35,52,-17,51,70,-19,82,107,-25,62.2,65.42,-3.22,137,346,-209,11,4,7,2,0,2,10,4,6,70.1%,51.9%,18.2,8,1,7,2,0,2,242.8,157.9,84.9,15.2,9.3,5.9,16.4,11.6,4.8,0.81,0.2,0.61,0.91,0.41,0.5,-1.3,-2.3,1,-0.1,-0.21,0.11,3.7,-2.2,5.9,4.66,4.52,0.14,566.86,936.5,9,,,,54.19,145.56,37.19,2.12,212.14,DAL,36,220,1.5,9,214.65,"Market anchors used: rushing TDs=9. He re-signed with Dallas and has little touch competition, but 35-137 in 2025 and a league-low 2.7 yards per target argue for only modest receiving efficiency."
Omarion Hampton,22,LAC,,9,,,124,,,359,,,34.54,,,545,,,355,,,2.86,,,190,,,1.53,,,32,,,35,,,70,,,50.0,,,192,,,4,,,1,,,3,,,42.6%,,,2,,,1,,,135.7,,,15.1,,,14.8,,,0.56,,,0.6,,,0.2,,,-0.04,,,3.6,,,4.0,,,,933,8,,,,66.11,362.67,60.44,1.89,249.34,LAC,52,375,2,8,242.80,"Market anchors used: rushing TDs=8. He managed 32-192 in only nine rookie games; Mike McDaniel replacing Greg Roman should raise targets, and both starting tackles return healthy."
breece hall,24,NYJ,NYJ,16,16,0,243,209,34,334,331,3,72.75,63.14,9.61,1065,876,189,618,432,186,2.54,2.1,0.44,447,444,3,1.84,2.1,-0.26,36,57,-21,48,76,-28,93,115,-22,51.61,66.09,-14.48,350,483,-133,4,5,-1,1,3,-2,2,5,-3,52.2%,65.7%,-13.5,2,6,-4,0,0,0,207.7,240.9,-33.2,13.0,15.1,-2.1,12.3,15.5,-3.2,0.31,0.5,-0.19,0.31,0.47,-0.16,0.7,-0.4,1.1,0.0,0.03,-0.03,1.5,3.6,-2.1,4.19,4.35,-0.16,903.77,900.5,5,325.5,,,51,325.5,38.25,1.06,197.23,NYJ,44,325.5,2,5,208.60,"Market anchors used: receiving yards=325.5, rushing TDs=5. Receiving fell to 36-350 from 57-483; the franchise-tagged back can rebound with pocket passer Geno Smith, though the Jets offense still caps upside."
Jeremiyah Love,,,,,,,,,,,,,,,,,,,,,,,,,,,,,,,,,,,,,,,,,,,,,,,,,,,,,,,,,,,,,,,,,,,,,,,,,,,,,,,,,,,,,,,,,,,,894.5,6,,,,,,,,,ARI,41,317,2,6,210.15,"Market anchors used: rushing TDs=6. The No. 3 overall rookie has a clear path to lead work in Arizona, but Tyler Allgeier can take early-down and goal-line touches; use a strong but not full-workhorse first-year receiving projection."
Quinshon Judkins,22,CLE,,14,,,230,,,353,,,65.16,,,827,,,322,,,1.4,,,505,,,2.2,,,26,,,36,,,120,,,30.0,,,171,,,7,,,0,,,6,,,64.0%,,,1,,,0,,,169.8,,,12.1,,,12.9,,,0.5,,,0.45,,,-0.8,,,0.05,,,0.6,,,3.54,,,,888.5,6,,,,43.71,207.64,31.57,0,177.19,CLE,35,250,1,6,190.85,"Market anchors used: rushing TDs=6. He had 26-171 in 14 games and only 2.6 targets per game; a large carry role remains, but leg rehab, new coach Todd Monken, and QB uncertainty limit the receiving ceiling."
chase brown,25,CIN,CIN,17,16,1,232,229,3,334,331,3,69.46,69.18,0.28,1019,990,29,561,599,-38,2.42,2.6,-0.18,458,391,67,1.97,1.7,0.27,69,54,15,88,65,23,111,103,8,79.28,63.11,16.17,437,360,77,6,7,-1,5,4,1,6,6,0,69.2%,73.8%,-4.6,8,10,-2,5,4,1,282.6,255,27.6,16.6,15.9,0.7,16.2,16.1,0.1,0.65,0.7,-0.05,0.54,0.83,-0.29,0.4,-0.2,0.6,0.1,-0.13,0.23,5.1,4.4,0.7,4.64,4.37,0.27,856.75,840.5,6,,,,88,437,69,5,262.75,CIN,64,475,4,6,255.55,"Market anchors used: rushing TDs=6. He improved from 54-360 to 69-437; a healthy Joe Burrow and minimal backfield competition sustain the catch floor, with mild regression from five rec TDs."
david montgomery,28,DET,DET,17,14,3,158,185,-27,407,478,-71,38.82,38.7,0.12,716,775,-59,382,347,35,2.42,1.9,0.52,334,428,-94,2.11,2.3,-0.19,24,36,-12,29,38,-9,123,110,13,23.58,34.55,-10.97,192,341,-149,8,12,-4,0,0,0,6,12,-6,39.5%,47.6%,-8.1,1,3,-2,0,0,0,166.9,221.7,-54.8,9.8,15.8,-6,9.7,13.9,-4.2,0.47,0.9,-0.43,0.6,0.76,-0.16,0.1,1.9,-1.8,-0.13,0.14,-0.27,-1.7,4.3,-6,4.19,5.1,-0.91,725.5,817.5,7,,,,29,192,24,0,166.95,HOU,26,205,1,7,176.25,"Market anchors used: rushing TDs=7. Receiving declined from 36-341 to 24-192; after the trade to Houston, Woody Marks should retain passing-down work, keeping Montgomery touchdown-dependent."
Cam Skattebo,23,NYG,,8,,,101,,,396,,,25.51,,,410,,,218,,,2.16,,,192,,,1.9,,,24,,,32,,,99,,,32.32,,,207,,,5,,,2,,,5,,,34.8%,,,3,,,2,,,127.7,,,16.0,,,14.4,,,0.88,,,0.65,,,1.6,,,0.22,,,4.5,,,4.41,,,,817,6,275.5,,,68,275.5,51,4.25,221.75,NYG,38,275.5,2,6,195.25,"Market anchors used: receiving yards=275.5, rushing TDs=6. He produced 24-207 in eight rookie games; a full-season role is viable with the same backfield competition, but ankle recovery and new coaches John Harbaugh and Matt Nagy add uncertainty."
chuba hubbard,26,CAR,CAR,15,15,0,134,250,-116,391,342,49,34.27,73.1,-38.83,511,1195,-684,269,656,-387,2.01,2.6,-0.59,242,539,-297,1.81,2.2,-0.39,30,43,-13,39,54,-15,92,90,2,42.39,60,-17.61,223,171,52,1,10,-9,3,1,2,1,8,-7,31.6%,83.3%,-51.7,4,8,-4,1,1,0,125.4,241.6,-116.2,8.4,16.1,-7.7,8.8,16.8,-8,0.27,0.7,-0.43,0.26,0.8,-0.54,-0.5,-0.7,0.2,0.01,-0.1,0.11,-3.1,4.6,-7.7,4.67,4.73,-0.06,950.5,813.5,4,,,,44.2,252.73,34,3.4,185.02,CAR,40,275,2,4,184.85,"Market anchors used: rushing TDs=4. He followed 43-171 with 30-223 in an injury-hit season; Rico Dowdle's departure restores opportunity, though Jonathon Brooks and Trevor Etienne will still take touches."
bucky irving,23,TAM,TAM,10,17,-7,173,207,-34,398,401,-3,43.47,51.62,-8.15,588,1122,-534,305,566,-261,1.76,2.7,-0.94,283,556,-273,1.64,2.7,-1.06,30,47,-17,35,52,-17,91,121,-30,38.46,42.98,-4.52,277,392,-115,1,8,-7,3,0,3,1,7,-6,31.6%,57.4%,-25.8,3,7,-4,1,0,1,138.5,244.4,-105.9,13.8,14.4,-0.6,13.9,12.6,1.3,0.4,0.5,-0.1,0.26,0.56,-0.3,-0.1,1.8,-1.9,0.14,-0.06,0.2,2.3,2.9,-0.6,4.07,4.83,-0.76,1005.37,806,5,,,,59.5,470.9,51,5.1,239.29,TAM,43,385,2.5,5,207.10,"Market anchors used: rushing TDs=5. He posted 30-277 in 10 games after 47-392 as a rookie; Kenneth Gainwell's arrival can siphon passing downs, and 2025 durability and efficiency issues lower the ceiling."
travis etienne,26,JAX,JAX,17,15,2,260,150,110,373,350,23,69.71,42.86,26.85,1107,558,549,562,283,279,2.16,1.9,0.26,545,275,270,2.1,1.8,0.3,36,39,-3,52,52,0,78,83,-5,66.67,62.65,4.02,292,254,38,7,2,5,6,0,6,5,2,3,64.3%,34.5%,29.8,8,3,5,5,0,5,253.9,130.2,123.7,14.9,8.7,6.2,14.2,11.4,2.8,0.76,0.1,0.66,0.62,0.32,0.3,0.7,-2.7,3.4,0.15,-0.22,0.37,3.4,-2.8,6.2,4.2,4.33,-0.13,575.5,799.5,5,,35.5,,52,292,35.5,6,210.65,NOR,35.5,285,2,5,185.95,"Market anchors used: receptions=35.5, rushing TDs=5. After 39-254 and 36-292, he moves to New Orleans with a feature-back path if Alvin Kamara departs; four straight 35-catch seasons support the market line."
tony pollard,28,TEN,TEN,17,16,1,242,260,-18,328,367,-39,73.78,70.84,2.94,1082,1079,3,640,521,119,2.64,2,0.64,442,558,-116,1.83,2.1,-0.27,33,41,-8,41,57,-16,93,95,-2,44.09,60,-15.91,206,238,-32,5,5,0,0,0,0,3,3,0,57.6%,65.2%,-7.6,1,2,-1,0,0,0,185.8,200.7,-14.9,10.9,12.5,-1.6,10.8,15,-4.2,0.29,0.3,-0.01,0.26,0.34,-0.08,0.1,-2.5,2.6,0.03,-0.04,0.07,-0.6,1,-1.6,4.44,4.1,0.34,873.94,798.5,5,,,,41,206,33,0,163.45,TEN,34,215,0.8,5,170.15,"Market anchors used: rushing TDs=5. Receiving slipped from 41-238 to 33-206 as Tyjae Spears took passing work; modest Cam Ward growth helps the offense, but the role remains capped."
dandre swift,26,CHI,CHI,16,17,-1,223,253,-30,400,325,75,55.75,77.85,-22.1,1087,959,128,716,511,205,3.21,2,1.21,371,448,-77,1.66,1.8,-0.14,34,42,-8,48,52,-4,79,86,-7,60.76,60.47,0.29,299,386,-87,9,6,3,1,0,1,8,2,6,52.6%,61.2%,-8.6,1,0,1,0,0,0,228.6,214.5,14.1,14.3,12.6,1.7,13.4,13.6,-0.2,0.62,0.4,0.22,0.51,0.48,0.03,0.9,-1,1.9,0.11,-0.08,0.19,2.8,1.1,1.7,4.97,3.8,1.17,817.17,798,6,,,,51,317.69,36.12,1.06,190.07,CHI,40,315,1.5,6,196.30,"Market anchors used: rushing TDs=6. He followed 42-386 with 34-299; Kyle Monangai should command more committee work in Year 2, while Swift retains the primary receiving role."
Jadarian Price,,,,,,,,,,,,,,,,,,,,,,,,,,,,,,,,,,,,,,,,,,,,,,,,,,,,,,,,,,,,,,,,,,,,,,,,,,,,,,,,,,,,,,,,,,,,755.5,6,,,,,,,,,SEA,27,182,1.5,6,165.75,"Market anchors used: rushing TDs=6. The first-round rookie has a path after Kenneth Walker left and Zach Charbonnet tore his ACL, but Seattle may ease him in with George Holani and Emanuel Wilson; his college role was not a workhorse role."
rico dowdle,27,CAR,DAL,17,16,1,236,235,1,391,346,45,60.36,67.92,-7.56,1076,1079,-3,596,570,26,2.53,2.4,0.13,480,509,-29,2.03,2.2,-0.17,39,39,0,50,49,1,92,86,6,54.35,56.98,-2.63,297,249,48,6,2,4,1,3,-2,6,1,5,59.6%,52.8%,6.8,3,4,-1,0,2,-2,216.3,197.8,18.5,12.7,12.4,0.3,11.7,13.3,-1.6,0.41,0.3,0.11,0.33,0.38,-0.05,1.0,-0.9,1.9,0.08,-0.08,0.16,1.2,0.9,0.3,4.67,4.6,0.07,,750,4,,,,50,297,39,1,173.7,PIT,32,230,1,4,160.00,"Market anchors used: rushing TDs=4. He caught 39 passes in each of the past two seasons, but the move to Pittsburgh creates a split with Jaylen Warren and Kaleb Johnson in a Mike McCarthy offense that rarely targets backs."
Bhayshul Tuten,23,JAX,,15,,,83,,,373,,,22.25,,,307,,,137,,,1.65,,,170,,,2.05,,,10,,,14,,,78,,,17.95,,,79,,,5,,,2,,,5,,,29.8%,,,2,,,2,,,88.6,,,5.9,,,5.5,,,0.47,,,0.32,,,0.4,,,0.15,,,-5.6,,,4.2,,,,709.5,5,,,,15.87,89.53,11.33,2.27,134.84,JAX,30,210,1.2,5,159.15,"Market anchors used: rushing TDs=5. He had 10-79 in a limited rookie role; Travis Etienne's exit opens lead work, but LeQuint Allen profiles as the receiving specialist and Chris Rodriguez joins the committee."
TreVeyon Henderson,23,NWE,,17,,,180,,,371,,,48.52,,,911,,,549,,,3.05,,,362,,,2.01,,,35,,,42,,,85,,,49.41,,,221,,,9,,,1,,,5,,,50.7%,,,4,,,1,,,206.2,,,12.1,,,11.0,,,0.59,,,0.48,,,1.2,,,0.11,,,0.6,,,4.09,,,,706,5,,,,42,221,35,1,163.7,NWE,42,325,2,5,187.10,"Market anchors used: rushing TDs=5. He posted 35-221 as a rookie and should earn more work after an efficient debut, but Rhamondre Stevenson remains a meaningful committee partner."
jk dobbins,27,DEN,LAC,10,13,-3,153,195,-42,354,373,-19,43.22,52.28,-9.06,772,905,-133,398,416,-18,2.6,2.1,0.5,374,489,-115,2.44,2.5,-0.06,11,32,-21,14,38,-24,117,55,62,11.97,69.09,-57.12,37,153,-116,4,9,-5,0,0,0,4,7,-3,35.1%,43.9%,-8.8,0,5,-5,0,0,0,115.9,191.8,-75.9,11.6,14.8,-3.2,10.9,14,-3.1,0.4,0.7,-0.3,0.38,0.53,-0.15,0.7,0.8,-0.1,0.02,0.17,-0.15,0.1,3.3,-3.2,4.36,4.13,0.23,,675.5,5,,,,23.8,62.9,18.7,0,122.54,DEN,21,145,0.5,5,136.05,"Market anchors used: rushing TDs=5. He managed 11-37 in 10 games and re-signed with Denver; RJ Harvey already drew more targets and can take the lead role, while Dobbins' durability remains a major discount."
blake corum,25,LAR,LAR,17,17,0,145,58,87,413,397,16,35.11,14.61,20.5,746,207,539,509,122,387,3.51,2.1,1.41,237,85,152,1.63,1.5,0.13,8,7,1,14,8,6,64,55,9,21.88,14.55,7.33,36,58,-22,6,0,6,0,0,0,5,0,5,33.8%,10.1%,23.7,0,0,0,0,0,0,122.2,33.5,88.7,7.2,2.2,5,7.2,3.3,3.9,0.35,0,0.35,0.41,0.13,0.28,0.0,-1.1,1.1,-0.05,-0.13,0.08,-4.3,-9.3,5,5.09,4.63,0.46,,662.5,6,,,,14,36,8,0,113.85,LAR,13,95,0.3,6,126.55,"Market anchors used: rushing TDs=6. Receiving stayed negligible at 7-58 and 8-36; he remains Kyren Williams' backup after a 29% snap share, making him an insurance back rather than a weekly pass-game option."
jordan mason,26,MIN,SFO,16,12,4,159,153,6,348,328,20,45.69,46.65,-0.96,758,789,-31,373,441,-68,2.35,2.9,-0.55,385,348,37,2.42,2.3,0.12,14,11,3,16,14,2,80,60,20,20.0,23.33,-3.33,51,91,-40,6,3,3,0,0,0,6,3,3,59.2%,50.0%,9.2,1,2,-1,0,0,0,128.9,115,13.9,8.1,9.6,-1.5,7.4,9.7,-2.3,0.38,0.3,0.08,0.33,0.45,-0.12,0.6,-0.1,0.7,0.05,-0.15,0.2,-3.4,-1.9,-1.5,4.52,4.65,-0.13,575.5,647,5,,,,17,54.19,14.88,0,114.99,MIN,16,115,0.5,5,125.20,Market anchors used: rushing TDs=5. He followed 11-91 with 14-51; Aaron Jones remains the starter and Mason's role is still tilted toward early-down rushing.
Kyle Monangai,23,CHI,,17,,,169,,,400,,,42.25,,,783,,,506,,,2.99,,,277,,,1.64,,,18,,,30,,,79,,,37.97,,,164,,,5,,,0,,,5,,,47.4%,,,2,,,0,,,146.7,,,8.6,,,9.2,,,0.29,,,0.39,,,-0.5,,,-0.1,,,-2.9,,,4.97,,,,633.5,5,,,,30,164,18,0,127.75,CHI,26,180,1,5,143.35,"Market anchors used: rushing TDs=5. The rookie line was 18-164 and his usage should grow, but D'Andre Swift remains healthy and controls most passing-down work."
jaylen warren,27,PIT,PIT,16,15,1,211,120,91,368,426,-58,57.34,28.17,29.17,958,511,447,461,279,182,2.18,2.3,-0.12,497,232,265,2.36,1.9,0.46,40,38,2,45,47,-2,136,109,27,33.09,43.12,-10.03,333,310,23,6,1,5,2,0,2,4,1,3,54.8%,26.2%,28.6,4,3,1,1,0,1,217.1,124.1,93,13.6,8.3,5.3,13.0,9.4,3.6,0.5,0.1,0.4,0.61,0.26,0.35,0.6,-1.1,1.7,-0.11,-0.16,0.05,2.1,-3.2,5.3,4.21,4.35,-0.14,583.52,611.5,,,,,47.81,353.81,42.5,2.12,,PIT,39,290,1.5,6,174.15,"No category-specific market anchors; all four fields are modeled. He followed 38-310 with 40-333, but Rico Dowdle joins the committee and Mike McCarthy rarely features RB targets; the rush-TD estimate holds near 2025 rather than extrapolating the breakout."
rhamondre stevenson,27,NWE,NWE,14,15,-1,130,207,-77,371,360,11,35.04,57.5,-22.46,603,801,-198,243,370,-127,1.87,1.8,0.07,360,431,-71,2.77,2.1,0.67,32,33,-1,37,41,-4,85,83,2,43.53,49.4,-5.87,345,168,177,7,7,0,2,1,1,5,6,-1,36.6%,73.2%,-36.6,5,9,-4,1,1,0,178.8,175.9,2.9,12.8,11.7,1.1,10.8,14,-3.2,0.64,0.5,0.14,0.54,0.63,-0.09,2.0,-2.3,4.3,0.1,-0.13,0.23,1.3,0.2,1.1,4.09,4.05,0.04,650.38,609,6,,,,44.93,418.93,38.86,2.43,192.22,NWE,31,250,1,6,158.90,"Market anchors used: rushing TDs=6. He posted 32-345 after 33-168, but the yards-per-target spike should regress and TreVeyon Henderson is likely to take a larger Year 2 role."
aaron jones,31,MIN,MIN,12,17,-5,132,255,-123,348,378,-30,37.93,67.46,-29.53,548,1138,-590,314,614,-300,2.38,2.4,-0.02,234,524,-290,1.77,2.1,-0.33,28,51,-23,41,62,-21,80,87,-7,51.25,71.26,-20.01,199,408,-209,2,5,-3,1,2,-1,2,4,-2,28.6%,70.0%,-41.4,3,12,-9,0,2,-2,118.7,241.6,-122.9,9.9,14.2,-4.3,10.9,15.6,-4.7,0.25,0.4,-0.15,0.28,0.76,-0.48,-1.0,-1.4,0.4,-0.03,-0.36,0.33,-1.6,2.7,-4.3,4.52,4.53,-0.01,763,589.5,,,,,58.08,281.92,39.67,1.42,,MIN,35,275,1.5,5,160.45,No category-specific market anchors; all four fields are modeled. An injury-hit age-31 season produced 28-199 after 51-408; declining elusiveness and Jordan Mason's committee presence warrant a reduced full-season projection.
Jacory Croskey-Merritt,24,WAS,,17,,,175,,,345,,,50.72,,,805,,,443,,,2.53,,,362,,,2.07,,,9,,,13,,,55,,,23.64,,,68,,,8,,,0,,,7,,,43.7%,,,1,,,0,,,140.3,,,8.3,,,7.8,,,0.47,,,0.4,,,0.4,,,0.07,,,-3.2,,,4.45,,,,559.5,,,,,13,68,9,0,,WAS,19,130,0.5,4,114.95,"No category-specific market anchors; all four fields are modeled. He had only 9-68 as a rookie; additions Rachaad White and Jerome Ford reduce passing-down access, so both receiving and TD projections remain modest."
isiah pacheco,26,KAN,KAN,13,7,6,118,83,35,336,359,-23,35.12,23.12,12,462,310,152,273,182,91,2.31,2.2,0.11,189,128,61,1.6,1.5,0.1,19,12,7,26,16,10,89,94,-5,29.21,17.02,12.19,101,79,22,1,1,0,1,0,1,1,1,0,29.4%,15.4%,14,2,1,1,1,0,1,87.3,56.9,30.4,6.7,8.1,-1.4,8.1,10.8,-2.7,0.15,0.1,0.05,0.22,0.36,-0.14,-1.3,-2.7,1.4,-0.06,-0.26,0.2,-4.8,-3.4,-1.4,4.45,4.46,-0.01,699.08,500.5,4,,,,34,132.08,24.85,1.31,119.95,DET,18,140,0.8,4,110.85,"Market anchors used: rushing TDs=4. After injury-limited lines of 12-79 and 19-101, he moves to Detroit as Jahmyr Gibbs' change-of-pace back; replacing Montgomery offers some TD chances but little standalone passing work."
