,Player,Age,Team,G,Tgt,Rec,Yds,Target_Share,CATCHABLE,AIR,team_air,air_pct,RZ TGT,RZ_REC,RZ_REC_PCT,RZ_P_TD,RZ_TGT_PCT,Routes Run,FPTS,FPTS/G,XFP,fpts_diff,RTD,TD/G,XTD,td_diff,WOPR,VOR,YPRR,normalized_line,TGT/G,rank,Player,PPR_Points_2025
0,jamarr chase,24,CIN,17,175,127,1708,27.87,136,1523,3630,41.96,35,20,60.6%,7,44.0%,681,403,23.7,19.3,4.4,17,1,0.76,0.24,0.71,10.7,2.51,1317.17,10.29,1,jamarr chase,313.6
3,justin jefferson,25,MIN,17,154,103,1533,29.79,108,1673,3612,46.32,25,15,68.2%,6,45.8%,570,317.5,18.7,18.5,0.2,10,0.6,0.69,-0.09,0.77,5.7,2.69,1250.5,9.06,2,justin jefferson,201.5
20,puka nacua,23,LAR,11,106,79,990,19.59,80,834,3552,23.48,12,10,76.9%,3,29.5%,274,206.6,18.8,17.7,1.1,3,0.4,0.47,-0.07,0.46,5.8,3.61,1206.75,9.64,3,puka nacua,375.0
4,ceedee lamb,25,DAL,15,152,101,1194,24.44,108,1148,4089,28.08,16,11,61.1%,4,39.1%,504,263.4,17.6,16.9,0.7,6,0.4,0.43,-0.03,0.56,4.6,2.37,1169.93,10.13,6,ceedee lamb,200.9
2,malik nabers,21,NYG,15,170,109,1204,30.69,118,1550,3532,43.88,13,5,38.5%,3,37.1%,522,273.6,18.2,20.3,-2.1,7,0.5,0.54,-0.04,0.77,5.2,2.31,1150.5,11.33,4,malik nabers,57.1
12,brian thomas,22,JAX,17,133,87,1282,25.48,94,1518,3784,40.12,16,9,64.3%,8,35.0%,479,284,16.7,14.3,2.4,10,0.6,0.42,0.18,0.66,3.7,2.68,1150.5,7.82,9,brian thomas,138.8
29,nico collins,25,HOU,12,99,68,1006,18.1,71,1062,4229,25.11,13,6,50.0%,4,32.4%,328,210.6,17.6,16.2,1.4,7,0.6,0.57,0.03,0.45,4.6,3.07,1138,8.25,7,nico collins,226.2
31,aj brown,27,PHI,13,97,67,1079,23.21,67,1177,2519,46.72,9,7,63.6%,4,36.7%,313,216.9,16.7,13.9,2.8,7,0.5,0.49,0.01,0.68,3.7,3.45,1124.82,7.46,10,aj brown,220.3
6,drake london,23,ATL,17,158,100,1271,29.31,105,1746,3790,46.07,24,14,60.9%,6,65.7%,508,280.8,16.5,16.5,0,9,0.5,0.55,-0.05,0.76,3.5,2.5,1106.75,9.29,8,drake london,201.9
1,amon-ra st brown,25,DET,17,141,115,1263,27.01,119,1109,2797,39.65,31,23,74.2%,9,59.6%,515,316.2,18.6,14.5,4.1,12,0.7,0.47,0.23,0.68,5.6,2.45,1069.93,8.29,5,amon-ra st brown,324.0
16,ladd mcconkey,23,LAC,16,112,82,1149,22.81,87,1108,3626,30.56,9,7,87.5%,5,28.6%,424,240.9,15.1,12.2,2.9,7,0.4,0.29,0.11,0.56,2.1,2.71,1038.23,7,11,ladd mcconkey,180.9
17,terry mclaurin,29,WAS,17,117,82,1096,23.21,86,1565,3189,49.07,14,12,85.7%,9,38.9%,458,267.8,15.8,13.6,2.2,13,0.8,0.52,0.28,0.69,2.8,2.39,981.75,6.88,16,terry mclaurin,114.2
25,tee higgins,25,CIN,12,109,73,911,17.36,76,1067,3630,29.39,24,14,60.9%,7,30.7%,428,222.1,18.5,17.7,0.8,10,0.8,0.87,-0.07,0.47,5.5,2.13,981.75,9.08,19,tee higgins,211.6
8,dj moore,27,CHI,17,140,98,966,26.57,101,1049,3708,28.29,21,12,60.0%,2,36.4%,589,238.1,14,15.4,-1.4,6,0.4,0.36,0.04,0.6,1,1.64,981.52,8.24,15,dj moore,170.2
18,tyreek hill,30,MIA,17,123,81,959,21.65,83,1397,2790,50.07,18,9,50.0%,5,50.0%,484,218.2,12.8,13.6,-0.8,6,0.4,0.42,-0.02,0.68,-0.2,1.98,980.16,7.24,14,tyreek hill,53.5
7,jaxon smith-njigba,22,SEA,17,137,100,1130,24.08,105,1188,3520,33.75,13,8,53.3%,5,44.1%,598,253,14.9,14.6,0.3,6,0.4,0.4,0,0.6,1.9,1.89,963.68,8.06,12,jaxon smith-njigba,359.9
13,davante adams,32,2TM,14,141,85,1063,29.31,91,1163,5041,23.07,24,11,47.8%,5,37.7%,496,241.3,17.2,18.1,-0.9,8,0.6,0.68,-0.08,0.6,4.2,2.14,962.09,10.07,17,davante adams,222.9
14,davante adams,32,LVR,3,27,18,209,4.56,91,1163,3751,31.01,24,11,47.8%,5,37.7%,496,241.3,17.2,18.1,-0.9,8,0.6,0.68,-0.08,0.29,4.2,0.42,962.09,9,,davante adams,222.9
15,davante adams,32,NYJ,11,114,67,854,19.35,91,1163,3922,29.65,24,11,47.8%,5,37.7%,496,241.3,17.2,18.1,-0.9,8,0.6,0.68,-0.08,0.5,4.2,1.72,962.09,10.36,,davante adams,222.9
38,marvin harrison,22,ARI,17,116,62,885,22.18,67,1555,2668,58.28,13,4,36.4%,4,44.0%,495,196.5,11.6,13.6,-2,8,0.5,0.5,0,0.74,-1.4,1.79,957.43,6.82,13,marvin harrison,127.8
23,mike evans,31,TAM,14,110,74,1004,19.54,78,1274,3428,37.16,15,8,61.5%,7,31.0%,382,240.4,17.2,14.9,2.3,11,0.8,0.65,0.15,0.55,4.2,2.63,957.21,7.86,20,mike evans,84.8
34,dk metcalf,27,SEA,15,108,66,992,18.98,70,1414,3520,40.17,7,2,25.0%,0,23.5%,527,191.2,12.7,14.4,-1.7,5,0.3,0.45,-0.15,0.57,-0.3,1.88,950.96,7.2,21,dk metcalf,187.2
5,garrett wilson,24,NYJ,17,154,101,1104,26.15,107,1400,3922,35.7,23,11,47.8%,4,37.7%,627,251.9,14.8,17.1,-2.3,7,0.4,0.57,-0.17,0.64,1.8,1.76,931.98,9.06,18,garrett wilson,99.5
43,jaylen waddle,26,MIA,15,83,58,744,14.61,66,828,2790,29.68,10,6,66.7%,1,25.0%,429,149.6,9.4,9.7,-0.3,2,0.1,0.2,-0.1,0.43,-3.6,1.73,925.5,5.53,27,jaylen waddle,194.1
10,jerry jeudy,25,CLE,17,145,90,1229,22.87,103,1611,4491,35.87,13,4,33.3%,1,41.4%,670,240.9,14.2,14.9,-0.7,4,0.2,0.33,-0.13,0.59,1.2,1.83,913,8.53,30,jerry jeudy,120.7
36,calvin ridley,30,TEN,17,120,64,1017,23.67,70,1840,4023,45.74,7,4,50.0%,1,30.8%,510,199.2,11.7,13.4,-1.7,4,0.3,0.3,0,0.68,-1.3,1.99,906.75,7.06,23,calvin ridley,47.3
24,zay flowers,24,BAL,17,116,74,1059,25.38,80,1162,3332,34.87,7,3,42.9%,3,38.9%,417,209.5,12.3,13.4,-1.1,4,0.2,0.37,-0.17,0.62,-0.7,2.54,900.5,6.82,26,zay flowers,243.3
41,george pickens,23,PIT,14,103,59,900,22.39,66,1370,3111,44.04,16,7,43.8%,3,50.0%,395,164.4,11.7,14.2,-2.5,3,0.2,0.55,-0.35,0.64,-1.3,2.28,900.5,7.36,24,george pickens,291.9
42,xavier worthy,21,KAN,17,98,59,638,17.13,66,904,2706,33.41,17,11,61.1%,4,36.7%,458,187.2,11,10.8,0.2,6,0.5,0.34,0.16,0.49,-2,1.39,894.48,5.76,,xavier worthy,109.9
44,jameson williams,23,DET,15,91,58,1001,17.43,61,1022,2797,36.54,10,6,54.5%,1,21.2%,449,212.2,14.1,11.7,2.4,7,0.5,0.35,0.15,0.52,1.1,2.23,876.19,6.07,,jameson williams,219.9
19,courtland sutton,29,DEN,17,135,81,1081,24.59,90,1803,3912,46.09,21,12,57.1%,6,47.7%,517,240.3,14.1,15.6,-1.5,8,0.5,0.57,-0.07,0.69,1.1,2.09,869.93,7.94,22,courtland sutton,219.7
30,devonta smith,26,PHI,13,89,68,833,21.29,70,813,2519,32.27,11,8,66.7%,3,40.0%,339,199.4,15.3,11.5,3.8,8,0.6,0.38,0.22,0.55,2.3,2.46,856.75,6.85,25,devonta smith,201.8
21,jauan jennings,27,SFO,15,113,77,975,22.03,82,1118,3098,36.09,15,8,53.3%,5,33.3%,372,210.5,14,12.6,1.4,6,0.4,0.34,0.06,0.58,1,2.62,850.5,7.53,,jauan jennings,173.3
89,chris olave,24,NOR,8,44,32,400,8.51,34,455,3170,14.35,5,4,66.7%,1,37.5%,173,76.7,9.6,10.3,-0.7,1,0.1,0.28,-0.18,0.23,-3.4,2.31,842.17,5.5,29,chris olave,269.0
50,rome odunze,22,CHI,17,101,54,734,19.17,60,1400,3708,37.76,17,6,35.3%,3,30.9%,511,144.9,8.5,11.7,-3.2,3,0.2,0.48,-0.28,0.55,-4.5,1.44,819.71,5.94,31,rome odunze,146.1
11,jakobi meyers,28,LVR,15,129,87,1027,21.79,88,1235,3751,32.92,14,8,53.3%,3,53.6%,547,218,14.5,14.9,-0.4,4,0.3,0.38,-0.08,0.56,1.5,1.88,800.04,8.6,28,jakobi meyers,175.8
22,khalil shakir,24,BUF,15,100,76,821,20.2,77,548,3994,13.72,8,9,90.0%,2,26.3%,334,182.5,12.2,11.4,0.8,4,0.3,0.25,0.05,0.4,-0.8,2.46,775.5,6.67,,khalil shakir,166.4
95,ricky pearsall,24,SFO,11,46,31,400,8.97,31,525,3098,16.95,7,5,83.3%,1,13.3%,259,93.5,8.5,7.7,0.8,3,0.3,0.18,0.12,0.25,-4.5,1.54,774.55,4.18,,ricky pearsall,88.6
28,michael pittman,27,IND,16,111,69,808,22.56,70,1270,4444,28.58,10,7,58.3%,3,30.8%,453,165.8,10.4,11.7,-1.3,3,0.2,0.23,-0.03,0.54,-2.6,1.78,758.52,6.94,,michael pittman,202.4
58,stefon diggs,31,HOU,8,64,47,496,11.7,50,556,4229,13.15,5,5,100.0%,3,13.5%,249,121.9,15.2,13.8,1.4,3,0.5,0.3,0.2,0.27,2.2,1.99,750.94,8,,stefon diggs,210.3
100,keon coleman,21,BUF,13,57,29,556,11.52,33,869,3994,21.76,8,4,36.4%,2,28.9%,287,111.5,8.6,9.6,-1,4,0.3,0.46,-0.16,0.33,-4.4,1.94,750.5,4.38,,keon coleman,102.4
37,jordan addison,22,MIN,15,99,63,875,19.15,65,1284,3612,35.55,17,16,94.1%,6,35.4%,470,212.5,14.2,12.6,1.6,9,0.7,0.53,0.17,0.54,1.2,1.86,737.54,6.6,,jordan addison,135.1
53,chris godwin,28,TAM,7,62,50,576,11.01,52,355,3428,10.36,6,7,100.0%,3,16.7%,229,137.8,19.7,15.6,4.1,5,0.7,0.43,0.27,0.24,6.7,2.52,736.62,8.86,8.86,chris godwin,83.0
121,rashid shaheed,26,NOR,6,41,20,349,7.93,21,722,3170,22.78,2,2,50.0%,0,25.0%,155,79.8,13.3,13.2,0.1,3,0.5,0.43,0.07,0.28,0.3,2.25,732.92,6.83,,rashid shaheed,156.6
35,darnell mooney,27,ATL,16,106,64,992,19.67,71,1325,3790,34.96,6,2,33.3%,1,17.1%,497,193.2,12.1,12.4,-0.3,5,0.3,0.28,0.02,0.54,-0.9,2,700.96,6.62,,darnell mooney,82.3
32,cooper kupp,31,LAR,12,100,67,710,18.48,69,776,3552,21.85,10,6,60.0%,4,22.7%,343,175,14.6,15,-0.4,6,0.5,0.46,0.04,0.43,1.6,2.07,687.31,8.33,,cooper kupp,117.3
26,josh downs,23,IND,14,107,72,803,21.75,77,763,4444,17.17,12,7,53.8%,2,33.3%,345,183.5,13.1,13,0.1,5,0.4,0.31,0.09,0.45,0.1,2.33,684.14,7.64,,josh downs,136.4
49,jayden reed,24,GNB,17,75,55,857,16.16,64,680,3707,18.34,10,9,81.8%,5,23.9%,353,197,11.6,9,2.6,6,0.4,0.26,0.14,0.37,-1.4,2.43,676.18,4.41,,jayden reed,48.5
52,deebo samuel,28,SFO,15,81,51,670,15.79,58,533,3098,17.2,13,10,71.4%,2,31.1%,374,153.6,10.2,10.7,-0.5,3,0.3,0.25,0.05,0.36,-2.8,1.79,675.27,5.4,,deebo samuel,188.2
106,christian kirk,28,JAX,8,47,27,379,9,28,644,3784,17.02,5,2,40.0%,1,12.5%,203,70.9,8.9,11.8,-2.9,1,0.1,0.39,-0.29,0.25,-4.1,1.87,624.17,5.88,,christian kirk,57.9
48,quentin johnston,23,LAC,15,91,55,711,18.53,62,986,3626,27.19,11,5,55.6%,4,32.1%,348,174.7,11.6,10.7,0.9,8,0.5,0.33,0.17,0.47,-1.4,2.04,575.5,6.07,,quentin johnston,171.2
54,xavier legette,23,CAR,16,84,49,497,16.22,57,1046,4054,25.8,12,5,50.0%,4,22.2%,383,125.1,7.8,9.6,-1.8,4,0.3,0.32,-0.02,0.42,-5.2,1.3,575.5,5.25,,xavier legette,89.3
101,cedric tillman,24,CLE,11,49,29,339,7.73,32,546,4491,12.16,5,2,40.0%,1,17.2%,260,80.4,7.3,7.5,-0.2,3,0.3,0.25,0.05,0.2,-5.7,1.3,575.5,4.45,,cedric tillman,60.0
57,adam thielen,34,CAR,10,62,48,615,11.97,50,684,4054,16.87,7,4,66.7%,2,13.3%,272,139.5,14,11,3,5,0.5,0.4,0.1,0.3,1,2.26,574.88,6.2,,adam thielen,39.6
155,marquise brown,27,KAN,2,15,9,91,2.62,9,123,2706,4.55,2,1,50.0%,0,4.1%,,18.1,9.1,,,0,,,,0.07,-3.9,,562.53,7.5,,marquise brown,137.7
9,wandale robinson,23,NYG,17,140,93,699,25.27,99,686,3532,19.42,17,10,58.8%,3,48.6%,536,182.7,10.7,13.2,-2.5,3,0.2,0.3,-0.1,0.51,-2.3,1.3,550.5,8.24,,wandale robinson,217.9
62,rashod bateman,25,BAL,17,72,45,756,15.75,49,979,3332,29.38,8,6,75.0%,5,44.4%,387,174.6,10.3,7.2,3.1,9,0.5,0.24,0.26,0.44,-2.7,1.95,550.04,4.24,,rashod bateman,55.4
71,marvin mims,22,DEN,17,52,39,503,9.47,42,400,3912,10.22,5,4,100.0%,1,9.1%,169,129.5,7.6,5.7,1.9,6,0.4,0.15,0.25,0.21,-5.4,2.98,534.12,3.06,,marvin mims,93.0
33,demario douglas,24,NWE,17,87,66,621,17.4,74,507,2508,20.22,5,4,66.7%,1,30.0%,407,147.7,8.7,9.1,-0.4,3,0.2,0.19,0.01,0.4,-4.3,1.53,525.5,5.12,,demario douglas,95.8
60,michael wilson,24,ARI,16,71,47,548,13.58,50,811,2668,30.4,7,6,75.0%,3,32.0%,460,124.5,7.8,8.4,-0.6,4,0.3,0.25,0.05,0.42,-5.2,1.19,525.5,4.44,,michael wilson,220.6
72,josh palmer,25,LAC,15,65,39,584,13.24,43,993,3626,27.39,7,3,42.9%,0,25.0%,341,107.4,7.2,8.6,-1.4,1,0.1,0.27,-0.17,0.39,-5.8,1.71,525.5,4.33,,josh palmer,52.3
61,romeo doubs,24,GNB,13,72,46,601,15.52,53,886,3707,23.9,9,8,72.7%,3,23.9%,315,132.1,10.2,10,0.2,4,0.3,0.34,-0.04,0.4,-2.8,1.91,500.5,5.54,,romeo doubs,165.4
73,darius slayton,27,NYG,16,71,39,573,12.82,43,933,3532,26.42,5,0,0.0%,0,14.3%,494,110,6.9,8.8,-1.9,2,0.1,0.26,-0.16,0.38,-6.1,1.16,500.5,4.44,,darius slayton,98.8
79,calvin austin,25,PIT,17,58,36,548,12.61,39,718,3111,23.08,4,2,40.0%,0,15.6%,354,118.8,7,6.1,0.9,4,0.2,0.16,0.04,0.35,-6,1.55,500.5,3.41,,calvin austin,86.2
68,tutu atwell,25,LAR,17,62,42,562,11.46,45,695,3552,19.57,3,1,50.0%,0,4.5%,254,98.9,5.8,6.3,-0.5,0,0,0.09,-0.09,0.31,-7.2,2.21,475.5,3.65,,tutu atwell,31.2
27,keenan allen,32,CHI,15,121,70,744,22.96,75,1104,3708,29.77,15,6,40.0%,5,27.3%,452,185.4,12.4,13.6,-1.2,7,0.5,0.42,0.08,0.55,-0.6,1.65,,8.07,,keenan allen,182.7
39,ray-ray mccloud,28,ATL,17,87,62,686,16.14,65,589,3790,15.54,5,3,60.0%,1,14.3%,515,140.5,8.3,8.3,0,1,0.1,0.1,0,0.35,-4.7,1.33,,5.12,,ray-ray mccloud,13.9
40,elijah moore,24,CLE,17,102,61,538,16.09,65,998,4491,22.22,6,4,57.1%,0,24.1%,554,120.9,7.1,9.7,-2.6,1,0.1,0.18,-0.08,0.4,-5.9,0.97,,6,,elijah moore,28.6
45,deandre hopkins,32,2TM,16,80,56,610,16.63,58,846,5041,16.78,11,5,45.5%,5,22.4%,328,147,9.2,10.4,-1.2,5,0.3,0.41,-0.11,0.37,-3.8,1.86,,5,,deandre hopkins,67.0
46,deandre hopkins,32,TEN,6,21,15,173,4.14,58,846,4023,21.03,11,5,45.5%,5,22.4%,328,147,9.2,10.4,-1.2,5,0.3,0.41,-0.11,0.21,-3.8,0.53,,3.5,,deandre hopkins,67.0
47,deandre hopkins,32,KAN,10,59,41,437,10.31,58,846,2706,31.26,11,5,45.5%,5,22.4%,328,147,9.2,10.4,-1.2,5,0.3,0.41,-0.11,0.37,-3.8,1.33,,5.9,,deandre hopkins,67.0
51,tank dell,25,HOU,14,81,51,667,14.81,57,1011,4229,23.91,8,5,55.6%,2,24.3%,391,140,10,11.6,-1.6,3,0.2,0.4,-0.2,0.39,-3,1.71,,5.79,,tank dell,0.0
55,tyler lockett,32,SEA,17,74,49,600,13.01,53,790,3520,22.44,9,2,20.0%,1,29.4%,524,121,7.1,8.1,-1,2,0.1,0.29,-0.19,0.35,-5.9,1.15,,4.35,,tyler lockett,73.1
56,jalen tolbert,25,DAL,17,79,49,610,12.7,53,905,4089,22.13,13,8,61.5%,7,28.3%,501,152,8.9,8.6,0.3,7,0.4,0.35,0.05,0.35,-4.1,1.22,,4.65,,jalen tolbert,46.3
59,tre tucker,23,LVR,17,81,47,539,13.68,49,1025,3751,27.33,5,5,100.0%,2,17.9%,601,129.3,7.6,9.2,-1.6,3,0.2,0.21,-0.01,0.4,-5.4,0.9,,4.76,,tre tucker,161.7
63,olamide zaccheaus,27,WAS,17,64,45,506,12.7,50,406,3189,12.73,8,7,87.5%,2,22.2%,253,112.4,6.6,6.9,-0.3,3,0.2,0.18,0.02,0.28,-6.4,2,,3.76,,olamide zaccheaus,84.8
64,amari cooper,30,2TM,14,85,44,547,17.67,56,1045,5041,20.73,5,4,80.0%,2,13.2%,337,122.7,9.4,11.3,-1.9,4,0.3,0.28,0.02,0.41,-3.6,1.62,,6.07,,amari cooper,0.0
65,amari cooper,30,CLE,6,53,24,250,8.36,56,1045,4491,23.27,5,4,80.0%,2,13.2%,337,122.7,9.4,11.3,-1.9,4,0.3,0.28,0.02,0.29,-3.6,0.74,,8.83,,amari cooper,0.0
66,amari cooper,30,BUF,8,32,20,297,6.46,56,1045,3994,26.16,5,4,80.0%,2,13.2%,337,122.7,9.4,11.3,-1.9,4,0.3,0.28,0.02,0.28,-3.6,0.88,,4,,amari cooper,0.0
67,kayshon boutte,22,NWE,15,68,43,589,13.6,47,987,2508,39.35,3,2,50.0%,0,20.0%,410,121.9,8.1,8.8,-0.7,3,0.2,0.24,-0.04,0.48,-4.9,1.44,,4.53,,kayshon boutte,124.1
69,devaughn vele,27,DEN,13,55,41,475,10.02,44,461,3912,11.78,7,5,83.3%,2,13.6%,268,106.5,8.2,7.3,0.9,3,0.2,0.19,0.01,0.23,-4.8,1.77,,4.23,,devaughn vele,66.3
70,tyler boyd,30,TEN,16,57,39,390,11.24,42,418,4023,10.39,7,2,28.6%,0,26.9%,404,78.3,5.2,6.5,-1.3,0,0,0.2,-0.2,0.24,-7.8,0.97,,3.56,,tyler boyd,0.0
74,dontayvion wicks,23,GNB,17,76,39,415,16.38,48,811,3707,21.88,14,10,76.9%,4,28.3%,254,110.5,6.5,8.3,-1.8,5,0.3,0.3,0,0.4,-6.5,1.63,,4.47,,dontayvion wicks,75.8
75,greg dortch,26,ARI,17,50,37,342,9.56,40,207,2668,7.76,7,6,100.0%,1,24.0%,259,90.3,5.3,4.9,0.4,3,0.2,0.12,0.08,0.2,-7.7,1.32,,2.94,,greg dortch,75.1
76,allen lazard,29,NYJ,12,60,37,530,10.19,43,679,3922,17.31,12,5,45.5%,3,18.0%,404,126,10.5,9.3,1.2,6,0.5,0.28,0.22,0.27,-2.5,1.31,,5,,allen lazard,23.0
77,jalen mcmillan,23,TAM,13,58,37,461,10.3,41,706,3428,20.6,8,7,87.5%,4,19.0%,360,135.4,10.4,8.5,1.9,8,0.6,0.36,0.24,0.3,-2.6,1.28,,4.46,,jalen mcmillan,29.9
78,alec pierce,24,IND,16,69,37,824,14.02,40,1484,4444,33.39,6,4,66.7%,4,15.4%,422,161.4,10.1,9.2,0.9,7,0.4,0.34,0.06,0.44,-2.9,1.95,,4.31,,alec pierce,183.3
80,andrei iosivas,25,CIN,17,61,36,479,9.71,41,682,3630,18.79,10,6,66.7%,6,12.0%,547,119.9,7.1,7.4,-0.3,6,0.4,0.32,0.08,0.28,-5.9,0.88,,3.59,,andrei iosivas,89.9
81,noah brown,28,WAS,11,56,35,453,11.11,39,658,3189,20.63,3,3,75.0%,0,11.1%,239,86.3,7.8,9.3,-1.5,1,0.1,0.15,-0.05,0.31,-5.2,1.9,,5.09,,noah brown,13.3
82,tim patrick,31,DET,16,44,33,394,8.43,34,439,2797,15.7,8,6,75.0%,3,15.4%,319,92.4,5.8,5.7,0.1,3,0.2,0.23,-0.03,0.24,-7.2,1.24,,2.75,,tim patrick,51.7
83,diontae johnson,28,3TM,12,67,33,375,100,36,729,729,100,11,3,27.3%,2,24.4%,230,89.1,8.1,10.9,-2.8,3,0.3,0.51,-0.21,2.2,-4.9,1.63,,5.58,,diontae johnson,0.0
84,diontae johnson,28,CAR,7,58,30,357,11.2,36,729,4054,17.98,11,3,27.3%,2,24.4%,230,89.1,8.1,10.9,-2.8,3,0.3,0.51,-0.21,0.29,-4.9,1.55,,8.29,,diontae johnson,0.0
85,diontae johnson,28,BAL,4,5,1,6,1.09,36,729,3332,21.88,11,3,27.3%,2,24.4%,230,89.1,8.1,10.9,-2.8,3,0.3,0.51,-0.21,0.17,-4.9,0.03,,1.25,,diontae johnson,0.0
86,diontae johnson,28,HOU,1,4,2,12,0.73,36,729,4229,17.24,11,3,27.3%,2,24.4%,230,89.1,8.1,10.9,-2.8,3,0.3,0.51,-0.21,0.13,-4.9,0.05,,4,,diontae johnson,0.0
87,jalen coker,23,CAR,11,46,32,478,8.88,32,519,4054,12.8,7,2,33.3%,1,13.3%,248,92.6,8.4,8.3,0.1,2,0.2,0.25,-0.05,0.22,-4.6,1.93,,4.18,,jalen coker,90.4
88,david moore,29,CAR,17,57,32,351,11,36,615,4054,15.17,11,5,50.0%,2,22.2%,305,85.1,5,6.4,-1.4,3,0.2,0.26,-0.06,0.27,-8,1.15,,3.35,,david moore,2.7
90,sterling shepard,31,TAM,14,51,32,334,9.06,36,473,3428,13.8,5,3,50.0%,1,14.3%,319,80.3,5.7,6.3,-0.6,1,0.1,0.16,-0.06,0.23,-7.3,1.05,,3.64,,sterling shepard,82.0
91,parker washington,22,JAX,17,51,32,390,9.77,33,572,3784,15.12,6,2,33.3%,1,15.0%,336,97,5.7,5.6,0.1,3,0.2,0.17,0.03,0.25,-7.3,1.16,,3,,parker washington,184.7
92,nick westbrook-ikhine,27,TEN,17,60,32,497,11.83,36,689,4023,17.13,9,7,70.0%,6,38.5%,408,135.7,9.7,6.4,3.3,9,0.5,0.26,0.24,0.3,-3.3,1.22,,3.53,,nick westbrook-ikhine,19.9
93,mack hollins,31,BUF,17,50,31,378,10.1,34,555,3994,13.9,7,4,66.7%,4,15.8%,317,98.8,5.8,5.8,0,5,0.3,0.22,0.08,0.25,-7.2,1.19,,2.94,,mack hollins,113.4
94,liljordan humphrey,26,DEN,17,45,31,293,8.2,34,293,3912,7.49,5,2,33.3%,0,13.6%,252,64.3,4.6,4.5,0.1,1,0.1,0.1,0,0.18,-8.4,1.16,,2.65,,liljordan humphrey,34.6
96,demarcus robinson,30,LAR,17,64,31,505,11.83,32,911,3552,25.65,11,5,50.0%,5,22.7%,496,123.5,7.3,8.3,-1,7,0.4,0.46,-0.06,0.36,-5.7,1.02,,3.76,,demarcus robinson,58.2
97,curtis samuel,28,BUF,14,46,31,253,9.29,32,212,3994,5.31,6,3,50.0%,1,15.8%,198,63.7,4.6,5.8,-1.2,1,0.1,0.15,-0.05,0.18,-8.4,1.28,,3.29,,curtis samuel,21.1
98,kavontae turpin,28,DAL,17,52,31,420,8.36,33,444,4089,10.86,7,3,42.9%,1,15.2%,193,104.2,6.1,5.5,0.6,2,0.1,0.15,-0.05,0.2,-6.9,2.18,,3.06,,kavontae turpin,84.5
99,dyami brown,25,WAS,16,40,30,308,7.94,32,282,3189,8.84,4,1,25.0%,0,11.1%,222,67.4,4.5,4.9,-0.4,1,0.1,0.15,-0.05,0.18,-8.5,1.39,,2.5,,dyami brown,49.7
102,christian watson,25,GNB,15,53,29,620,11.42,31,943,3707,25.44,8,2,25.0%,1,17.4%,232,105.3,7,7.4,-0.4,2,0.1,0.3,-0.2,0.35,-6,2.67,,3.53,,christian watson,132.4
103,kendrick bourne,29,NWE,12,38,28,305,7.6,32,353,2508,14.07,2,1,50.0%,1,10.0%,255,65.1,5.4,6.3,-0.9,1,0.1,0.18,-0.08,0.21,-7.6,1.2,,3.17,,kendrick bourne,92.1
104,troy franklin,21,DEN,16,53,28,263,9.65,31,690,3912,17.64,5,4,57.1%,2,15.9%,236,67.1,4.2,5.9,-1.7,2,0.1,0.2,-0.1,0.27,-8.8,1.11,,3.31,,troy franklin,177.1
105,jalen nailor,25,MIN,17,42,28,414,8.12,32,483,3612,13.37,7,4,57.1%,4,14.6%,357,103,6.1,5.1,1,6,0.4,0.25,0.15,0.22,-6.9,1.16,,2.47,,jalen nailor,100.7
107,brandin cooks,31,DAL,10,54,26,259,8.68,27,634,4089,15.51,8,2,50.0%,2,8.7%,267,69.6,7,10.4,-3.4,3,0.3,0.43,-0.13,0.24,-6,0.97,,5.4,,brandin cooks,51.9
108,tyler johnson,26,LAR,15,41,26,291,7.58,27,229,3552,6.45,10,2,25.0%,0,18.2%,196,61.1,5.6,4.7,0.9,1,0.1,0.17,-0.07,0.16,-7.4,1.48,,2.73,,tyler johnson,37.7
109,malik washington,23,MIA,14,36,26,223,6.34,28,210,2790,7.53,2,2,100.0%,0,5.6%,214,54.8,3.9,4.4,-0.5,0,0.1,0.07,0.03,0.15,-9.1,1.04,,2.57,,malik washington,116.7
110,brandon aiyuk,26,SFO,7,47,25,374,9.16,30,572,3098,18.46,6,3,50.0%,0,13.3%,187,62.4,8.9,12.1,-3.2,0,0,0.29,-0.29,0.27,-4.1,2,,6.71,,brandon aiyuk,0.0
111,van jefferson,28,PIT,17,40,24,276,8.7,24,465,3111,14.95,8,5,62.5%,2,25.0%,342,63.6,4.2,4.5,-0.3,2,0.1,0.17,-0.07,0.24,-8.8,0.81,,2.35,,van jefferson,70.0
112,john metchie,24,HOU,13,37,24,254,6.76,24,333,4229,7.87,7,5,62.5%,1,21.6%,224,55.4,4.3,5,-0.7,1,0.1,0.18,-0.08,0.16,-8.7,1.13,,2.85,,john metchie,71.9
113,rashee rice,24,KAN,4,29,24,288,5.07,25,156,2706,5.76,2,2,100.0%,1,4.1%,,64.9,16.2,9.8,6.4,2,0.4,0.09,0.31,0.12,3.2,,,7.25,,rashee rice,150.1
114,adonai mitchell,22,IND,17,55,23,312,11.18,27,773,4444,17.39,5,0,0.0%,0,17.9%,193,53.8,3.2,6.8,-3.6,0,0,0.27,-0.27,0.29,-9.8,1.62,,3.24,,adonai mitchell,87.9
115,justin watson,28,KAN,17,32,22,289,5.59,24,482,2706,17.81,3,4,100.0%,2,8.2%,333,62.9,3.9,3.4,0.5,2,0.1,0.11,-0.01,0.21,-9.1,0.87,,1.88,,justin watson,6.0
116,jordan whittington,24,LAR,15,28,22,293,5.18,22,107,3552,3.01,2,0,0.0%,0,2.3%,119,52.5,3.5,3.5,0,0,0,0.09,-0.09,0.1,-9.5,2.46,,1.87,,jordan whittington,36.3
117,mike williams,30,2TM,18,34,21,298,7.07,23,518,5041,10.28,2,0,0.0%,0,6.3%,322,56.8,4.1,4.2,-0.1,1,0.1,0.14,-0.04,0.18,-8.9,0.93,,1.89,,mike williams,0.0
118,mike williams,30,NYJ,9,21,12,166,3.57,23,518,3922,13.21,2,0,0.0%,0,6.3%,322,56.8,4.1,4.2,-0.1,1,0.1,0.14,-0.04,0.15,-8.9,0.52,,2.33,,mike williams,0.0
119,mike williams,30,PIT,9,13,9,132,2.83,23,518,3111,16.65,2,0,0.0%,0,6.3%,322,56.8,4.1,4.2,-0.1,1,0.1,0.14,-0.04,0.16,-8.9,0.41,,1.44,,mike williams,0.0
120,gabriel davis,25,JAX,10,42,20,239,8.05,20,562,3784,14.85,9,5,45.5%,2,27.5%,222,53.9,5.4,8.4,-3,2,0.2,0.4,-0.2,0.22,-7.6,1.08,,4.2,,gabriel davis,30.9
122,cedrick wilson,29,NOR,15,27,20,211,5.22,23,197,3170,6.21,1,1,100.0%,1,6.3%,184,49.9,3.3,3.3,0,1,0.1,0,0.1,0.12,-9.7,1.15,,1.8,,cedrick wilson,9.4
123,robert woods,32,HOU,15,30,20,203,5.48,21,287,4229,6.79,3,1,50.0%,0,5.4%,173,38.3,2.7,3.6,-0.9,0,0,0.11,-0.11,0.13,-10.3,1.17,,2,,robert woods,0.0
124,jahan dotson,24,PHI,17,33,19,216,7.89,19,327,2519,12.98,1,0,0.0%,0,3.3%,353,41.9,2.5,3,-0.5,0,0,0.04,-0.04,0.21,-10.5,0.61,,1.94,,jahan dotson,50.2
125,marquez valdes-scantling,30,2TM,14,44,19,411,9.15,21,765,5041,15.18,2,1,50.0%,1,12.5%,263,84.5,6.5,6.2,0.3,4,0.3,0.2,0.1,0.24,-6.5,1.56,,3.14,,marquez valdes-scantling,32.0
126,marquez valdes-scantling,30,BUF,6,9,2,26,1.82,21,765,3994,19.15,2,1,50.0%,1,12.5%,263,84.5,6.5,6.2,0.3,4,0.3,0.2,0.1,0.16,-6.5,0.1,,1.5,,marquez valdes-scantling,32.0
127,marquez valdes-scantling,30,NOR,8,35,17,385,6.77,21,765,3170,24.13,2,1,50.0%,1,12.5%,263,84.5,6.5,6.2,0.3,4,0.3,0.2,0.1,0.27,-6.5,1.46,,4.38,,marquez valdes-scantling,32.0
128,luke mccaffrey,23,WAS,17,24,18,168,4.76,19,170,3189,5.33,3,2,66.7%,0,8.3%,205,34.8,2,2.5,-0.5,0,0,0.1,-0.1,0.11,-11,0.82,,1.41,,luke mccaffrey,51.3
129,juju smith-schuster,28,KAN,14,26,18,231,4.55,20,145,2706,5.36,6,4,66.7%,2,12.2%,209,53.1,3.8,3.7,0.1,2,0.1,0.1,0,0.11,-9.2,1.11,,1.86,,juju smith-schuster,73.5
130,kalif raymond,30,DET,12,22,17,215,4.21,17,176,2797,6.29,1,2,100.0%,1,3.8%,122,56.5,4.7,3.2,1.5,2,0.2,0.04,0.16,0.11,-8.3,1.76,,1.83,,kalif raymond,66.8
131,jonathan mingo,23,2TM,17,42,17,167,8.73,19,439,5041,8.71,1,0,0.0%,0,2.2%,245,32.2,2,4.4,-2.4,0,0,0.09,-0.09,0.19,-11,0.68,,2.47,,jonathan mingo,3.5
132,jonathan mingo,23,CAR,9,26,12,121,5.02,19,439,4054,10.83,1,0,0.0%,0,2.2%,245,32.2,2,4.4,-2.4,0,0,0.09,-0.09,0.15,-11,0.49,,2.89,,jonathan mingo,3.5
133,jonathan mingo,23,DAL,8,16,5,46,2.57,19,439,4089,10.74,1,0,0.0%,0,2.2%,245,32.2,2,4.4,-2.4,0,0,0.09,-0.09,0.11,-11,0.19,,2,,jonathan mingo,3.5
134,dj turner,27,LVR,12,29,16,158,4.9,17,255,3751,6.8,2,1,25.0%,1,14.3%,223,47.1,3.6,4.1,-0.5,1,0.2,0.09,0.11,0.12,-9.4,0.71,,2.42,,dj turner,0.0
135,nelson agholor,31,BAL,14,29,14,231,6.35,18,389,3332,11.67,2,2,100.0%,2,11.1%,189,49.1,3.8,3.6,0.2,2,0.1,0.1,0,0.18,-9.2,1.22,,2.07,,nelson agholor,0.0
136,mason tipton,24,NOR,11,26,14,99,5.03,15,323,3170,10.19,1,1,100.0%,0,6.3%,219,23.9,2.2,4.1,-1.9,0,0,0.05,-0.05,0.15,-10.8,0.45,,2.36,,mason tipton,20.4
137,jake bobo,26,SEA,17,17,13,107,2.99,14,138,3520,3.92,2,1,100.0%,0,2.9%,141,29.7,1.7,1.7,0,1,0.1,0.05,0.05,0.07,-11.3,0.76,,1,,jake bobo,4.0
138,derius davis,24,LAC,15,17,13,112,3.46,13,65,3626,1.79,2,2,100.0%,1,7.1%,,40.1,2.7,2.6,0.1,2,0.2,0.09,0.11,0.06,-10.3,,,1.13,,derius davis,1.5
139,josh reynolds,29,2TM,9,24,13,194,4.99,13,265,5041,5.26,3,2,100.0%,1,5.0%,192,38.4,4.8,4.6,0.2,1,0.1,0.13,-0.03,0.11,-8.2,1.01,,2.67,,josh reynolds,23.1
140,josh reynolds,29,DEN,5,19,12,183,3.46,13,265,3912,6.77,3,2,100.0%,1,5.0%,192,38.4,4.8,4.6,0.2,1,0.1,0.13,-0.03,0.1,-8.2,0.95,,3.8,,josh reynolds,23.1
141,josh reynolds,29,JAX,4,5,1,11,0.96,13,265,3784,7,3,2,100.0%,1,5.0%,192,38.4,4.8,4.6,0.2,1,0.1,0.13,-0.03,0.06,-8.2,0.06,,1.25,,josh reynolds,23.1
142,jalen brooks,24,DAL,14,30,12,177,4.82,13,404,4089,9.88,4,1,25.0%,1,8.7%,205,35.7,2.6,4,-1.4,1,0.1,0.14,-0.04,0.14,-10.4,0.86,,2.14,,jalen brooks,6.1
143,mecole hardman,26,KAN,12,14,12,90,2.45,12,-14,2706,-0.52,5,4,80.0%,0,10.2%,,33.2,2.8,2.4,0.4,0,0.1,0.11,-0.01,0.03,-10.2,,,1.17,,mecole hardman,-2.0
144,xavier hutchinson,24,HOU,16,26,12,117,4.75,14,251,4229,5.94,2,0,0.0%,0,2.7%,243,23.7,1.5,3.2,-1.7,0,0,0.11,-0.11,0.11,-11.5,0.48,,1.62,,xavier hutchinson,98.0
145,ryan miller,24,TAM,11,20,12,128,3.55,14,175,3428,5.11,3,2,66.7%,2,7.1%,130,36.8,3.3,3.4,-0.1,2,0.2,0.14,0.06,0.09,-9.7,0.98,,1.82,,ryan miller,11.4
146,trey palmer,23,TAM,15,22,12,172,3.91,13,318,3428,9.28,1,2,100.0%,1,4.8%,162,35.2,2.3,2.8,-0.5,1,0.1,0.08,0.02,0.12,-10.7,1.06,,1.47,,trey palmer,0.0
147,dante pettis,29,NOR,8,28,12,120,5.42,13,282,3170,8.9,3,0,0.0%,0,6.3%,,32,4,5,-1,1,0.1,0.17,-0.07,0.14,-9,,,3.5,,dante pettis,19.7
148,jalynn polk,22,NWE,15,33,12,87,6.6,16,378,2508,15.07,4,2,50.0%,2,20.0%,227,32.7,2.2,4,-1.8,2,0.1,0.13,-0.03,0.2,-10.8,0.38,,2.2,,jalynn polk,0.0
149,kevin austin,24,NOR,8,22,11,151,4.26,13,256,3170,8.08,0,,,,,181,27,3.4,5.7,-2.3,0,0,0.11,-0.11,0.12,-9.6,0.83,,2.75,,kevin austin,33.0
150,devin duvernay,27,JAX,13,16,11,79,3.07,12,183,3784,4.84,2,2,100.0%,0,5.0%,115,19.2,1.5,2.4,-0.9,0,0,0.06,-0.06,0.08,-11.5,0.69,,1.23,,devin duvernay,4.6
151,tylan wallace,25,BAL,17,12,11,193,2.63,12,73,3332,2.19,0,1,100.0%,0,5.6%,,36.3,2.1,,,1,,,,0.05,-10.9,,,0.71,,tylan wallace,14.5
152,ryan flournoy,25,DAL,11,14,10,102,2.25,11,115,4089,2.81,0,,,,,,18.2,1.7,2.3,-0.6,0,0,0.02,-0.02,0.05,-11.3,,,1.27,,ryan flournoy,114.0
153,malik heath,24,GNB,13,13,10,97,2.8,10,84,3707,2.27,2,2,100.0%,2,4.3%,,31.7,2.6,2.1,0.5,2,0.2,0.09,0.11,0.06,-10.4,,,1,,malik heath,14.6
154,odell beckham,32,MIA,9,18,9,55,3.17,10,164,2790,5.88,4,1,25.0%,0,11.1%,101,14.5,1.8,3.8,-2,0,0,0.15,-0.15,0.09,-11.2,0.54,,2,,odell beckham,0.0
156,deandre carter,31,CHI,13,14,9,72,2.66,9,155,3708,4.18,3,2,66.7%,0,5.5%,,14.2,1.1,3.5,-2.4,0,0,0.14,-0.14,0.07,-11.9,,,1.08,,deandre carter,0.0
157,jamison crowder,31,WAS,6,13,9,72,2.58,9,108,3189,3.39,3,3,100.0%,2,8.3%,,26.2,5.2,3.9,1.3,2,0.3,0.16,0.14,0.06,-7.8,,,2.17,,jamison crowder,0.0
158,rakim jarrett,23,TAM,10,11,9,124,1.95,9,127,3428,3.7,2,1,50.0%,0,4.8%,,21.4,2.1,1.6,0.5,0,0,0.05,-0.05,0.06,-10.9,,,1.1,,rakim jarrett,0.0
159,bub means,23,NOR,7,15,9,118,2.9,10,170,3170,5.36,1,1,100.0%,1,6.3%,,26.8,3.8,4.2,-0.4,1,0.2,0.09,0.11,0.08,-9.2,,,2.14,,bub means,0.0
160,jalin hyatt,23,NYG,16,19,8,62,3.43,10,363,3532,10.28,0,,,,,198,14.2,0.9,2.3,-1.4,0,0,0.03,-0.03,0.12,-12.1,0.31,,1.19,,jalin hyatt,8.5
161,zay jones,29,ARI,11,11,8,84,2.1,8,95,2668,3.56,0,0,0%,0,0.0%,151,16.4,1.5,2.6,-1.1,0,0,0.09,-0.09,0.06,-11.5,0.56,,1,,zay jones,30.3
162,bo melton,25,GNB,17,17,8,91,3.66,8,303,3707,8.17,1,1,100.0%,0,2.2%,,22.5,1.3,2.1,-0.8,0,0,0.07,-0.07,0.11,-11.7,,,1,,bo melton,24.2
163,trent sherfield,28,MIN,17,9,8,83,1.74,8,71,3612,1.97,1,1,100.0%,1,2.1%,,22.3,1.5,,,1,,,,0.04,-11.5,,,0.53,,trent sherfield,5.1
164,britain covey,27,PHI,5,8,7,34,1.91,8,9,2519,0.36,2,2,100.0%,0,6.7%,,10.4,2.1,2.9,-0.8,0,0,0.03,-0.03,0.03,-10.9,,,1.6,,britain covey,4.0
165,river cracraft,30,MIA,8,9,7,66,1.58,8,71,2790,2.54,1,,,,,,13.6,2.7,1.8,0.9,0,0,0.05,-0.05,0.04,-10.3,,,1.12,,river cracraft,0.0
166,khadarel hodge,29,ATL,17,12,7,131,2.23,8,130,3790,3.43,2,0,0.0%,0,2.9%,105,32.1,2,,,1,,,,0.06,-11,1.25,,0.71,,khadarel hodge,6.1
167,kj osborn,27,NWE,7,18,7,57,3.6,8,107,2508,4.27,3,2,66.7%,0,15.0%,120,18.7,2.7,3.5,-0.8,1,0.1,0.1,0,0.08,-10.3,0.48,,2.57,,kj osborn,0.0
168,brandon powell,29,MIN,17,10,7,71,1.93,7,101,3612,2.8,0,1,100.0%,0,2.1%,112,14.1,0.8,,,0,,,,0.05,-12.2,0.63,,0.59,,brandon powell,0.0
169,jalen reagor,25,LAC,8,12,7,100,2.44,7,123,3626,3.39,0,0,0%,0,0.0%,,14.7,1.8,2.7,-0.9,0,0,0.05,-0.05,0.06,-11.2,,,1.5,,jalen reagor,0.0
170,ainias smith,23,PHI,7,9,7,41,2.15,7,12,2519,0.48,1,,,,,,17.7,2.5,2.5,0,1,0.1,0.06,0.04,0.04,-10.5,,,1.29,,ainias smith,0.0
171,michael woods,24,CLE,5,17,7,65,2.68,9,204,4491,4.54,3,1,25.0%,0,13.8%,,13.5,2.7,,,0,,,,0.07,-10.3,,,3.4,,michael woods,0.0
172,parris campbell,27,PHI,5,8,6,30,1.91,6,34,2519,1.35,1,1,100.0%,1,3.3%,,15,3.8,2.8,1,1,0.2,0.12,0.08,0.04,-9.2,,,1.6,,parris campbell,0.0
173,chris conley,32,SFO,15,12,6,76,2.34,6,209,3098,6.75,1,0,0.0%,0,2.2%,,13.6,1.5,1.6,-0.1,0,0,0.05,-0.05,0.08,-11.5,,,0.8,,chris conley,0.0
174,simi fehoko,27,LAC,8,16,6,106,3.26,8,236,3626,6.51,1,0,0.0%,0,7.1%,110,16.6,2.8,4.7,-1.9,0,0,0.23,-0.23,0.09,-10.2,0.96,,2,,simi fehoko,0.0
175,xavier gipson,23,NYJ,17,10,6,39,1.7,7,112,3922,2.86,1,1,100.0%,1,1.6%,125,14.4,0.8,,,1,,,,0.05,-12.2,0.31,,0.59,,xavier gipson,-1.4
176,bryce oliver,24,TEN,10,9,6,95,1.78,6,95,4023,2.36,1,0,0.0%,0,3.8%,,15.5,1.6,1.5,0.1,0,0,0.02,-0.02,0.04,-11.4,,,0.9,,bryce oliver,1.8
177,scott miller,27,PIT,13,9,5,69,1.96,,,3111,,,,,,,,,,,,,,,,,,,,0.69,,scott miller,15.2
178,laviska shenault,26,SEA,11,5,5,36,0.88,5,-10,3520,-0.28,0,,,,,,10.7,1.1,,,0,,,,0.01,-11.9,,,0.45,,laviska shenault,0.0
179,ben skowronek,27,PIT,10,5,5,69,1.09,5,40,3111,1.29,0,,,,,,11.9,1.2,,,0,,,,0.03,-11.8,,,0.5,,ben skowronek,16.9
180,johnny wilson,23,PHI,16,15,5,38,3.59,6,147,2519,5.84,3,1,33.3%,1,10.0%,137,14.8,0.9,2.1,-1.2,1,0.1,0.12,-0.02,0.09,-12.1,0.28,,0.94,,johnny wilson,0.0
181,treylon burks,24,TEN,5,8,4,34,1.58,6,135,4023,3.36,0,,,,,,7.5,1.5,3,-1.5,0,0,0.04,-0.04,0.05,-11.5,,,1.6,,treylon burks,29.0
182,jermaine burton,23,CIN,14,14,4,107,2.23,5,296,3630,8.15,4,1,25.0%,0,5.3%,,14.7,1.1,2.2,-1.1,0,0,0.14,-0.14,0.09,-11.9,,,1,,jermaine burton,0.0
183,dj chark,28,LAC,7,10,4,31,2.04,4,115,3626,3.17,2,,,,,,13.1,3.3,,,1,,,,0.05,-9.7,,,1.43,,dj chark,0.0
184,jacob cowing,23,SFO,15,6,4,80,1.17,4,76,3098,2.45,2,1,50.0%,0,4.4%,,10.7,0.7,,,0,,,,0.03,-12.3,,,0.4,,jacob cowing,0.0
185,deven thompkins,25,CAR,7,4,4,20,0.77,4,-8,4054,-0.2,1,1,100.0%,0,2.2%,,6.7,1.3,,,0,,,,0.01,-11.7,,,0.57,,deven thompkins,6.2
186,tyquan thornton,24,NWE,6,8,4,47,1.6,4,126,2508,5.02,1,1,100.0%,0,5.0%,,8.7,2.2,3.4,-1.2,0,0,0.07,-0.07,0.06,-10.8,,,1.33,,tyquan thornton,80.8
187,alex bachman,28,LVR,6,3,3,31,0.51,3,21,3751,0.56,0,0,0%,0,0.0%,,6.1,1.2,,,0,,,,0.01,-11.8,,,0.5,,alex bachman,3.2
188,david bell,24,CLE,1,3,3,27,0.47,3,19,4491,0.42,1,1,100.0%,0,3.4%,,5.7,5.7,3.1,2.6,0,0,0.13,-0.13,0.01,-7.3,,,3,,david bell,0.0
189,dan chisena,27,CAR,6,4,3,37,0.77,3,30,4054,0.74,0,,,,,,6.7,1.1,,,0,,,,0.02,-11.9,,,0.67,,dan chisena,0.0
190,malachi corley,22,NYJ,9,6,3,16,1.02,3,50,3922,1.27,2,0,0.0%,0,3.3%,,5.2,0.7,2.1,-1.4,0,0,0.15,-0.15,0.02,-12.3,,,0.67,,malachi corley,31.6
191,dwayne eskridge,27,MIA,6,3,3,44,0.53,,,2790,,,,,,,,,,,,,,,,,,,,0.5,,dwayne eskridge,8.2
192,trenton irwin,29,CIN,7,10,3,15,1.59,4,62,3630,1.71,6,2,33.3%,0,8.0%,,4.5,0.8,3.6,-2.8,0,0,0.33,-0.33,0.04,-12.2,,,1.43,,trenton irwin,0.0
193,tim jones,26,JAX,17,5,3,41,0.96,3,40,3784,1.06,0,,,,,,7.1,0.9,,,0,,,,0.02,-12.1,,,0.29,,tim jones,2.5
194,terrace marshall,24,LVR,7,6,3,41,1.01,3,52,3751,1.39,0,,,,,,7.1,1.4,,,0,,,,0.02,-11.6,,,0.86,,terrace marshall,0.0
195,james proche,28,CLE,9,3,3,21,0.47,3,17,4491,0.38,0,,,,,,3.1,0.3,,,0,,,,0.01,-12.7,,,0.33,,james proche,12.5
196,allen robinson,31,DET,12,7,3,30,1.34,4,51,2797,1.82,0,,,,,,6,1,,,0,,,,0.03,-12,,,0.58,,allen robinson,0.0
197,jamari thrash,24,CLE,9,7,3,22,1.1,5,51,4491,1.14,0,,,,,,5.2,0.6,,,0,,,,0.02,-12.4,,,0.78,,jamari thrash,20.7
198,ronnie bell,24,SFO,9,6,2,22,1.17,4,65,3098,2.1,1,1,100.0%,0,2.2%,,4.2,1.1,,,0,,,,0.03,-11.9,,,0.67,,ronnie bell,10.3
199,grant dubose,23,MIA,3,4,2,11,0.7,2,47,2790,1.68,0,,,,,,3.1,1.6,2.3,-0.7,0,0,0.04,-0.04,0.02,-11.4,,,1.33,,grant dubose,0.0
200,ashton dulin,27,IND,15,8,2,67,1.63,3,154,4444,3.47,1,0,0.0%,0,2.6%,,19.2,1.3,,,1,,,,0.05,-11.7,,,0.53,,ashton dulin,20.0
201,isaiah hodgins,26,NYG,3,2,2,12,0.36,,,3532,,,,,,,,3.2,1.6,,,0,,,,,-11.4,,,0.67,,isaiah hodgins,27.5
202,mason kinsey,26,TEN,6,2,2,17,0.39,,,4023,,,,,,,,3.7,0.6,,,0,,,,,-12.4,,,0.33,,mason kinsey,6.8
203,nikko remigio,25,KAN,5,6,2,48,1.05,3,64,2706,2.37,0,,,,,,6.8,1.4,,,0,,,,0.03,-11.6,,,1.2,,nikko remigio,4.2
204,xavier smith,27,LAR,15,2,2,6,0.37,,,3552,,,,,,,,6.2,0.4,,,0,,,,,-12.6,,,0.13,,xavier smith,48.3
205,austin trammell,26,JAX,1,3,2,40,0.57,,,3784,,,,,,,,4,4,2,2,0,0,0,0,,-9,,,3,,austin trammell,7.6
206,cody white,26,SEA,4,3,2,44,0.53,,,3520,,,,,,,,6.4,1.6,1.6,0,0,0,0.04,-0.04,,-11.4,,,0.75,,cody white,18.0
207,kristian wilkerson,27,LVR,3,3,2,18,0.51,,,3751,,,2,66.7%,1,10.7%,,9.8,9.8,3.1,6.7,1,0.5,0.24,0.26,,-3.2,,,1,,kristian wilkerson,0.0
208,isaiah williams,23,DET,2,3,2,6,0.57,,,2797,,,,,,,,2.6,0.3,,,0,,,,,-12.7,,,1.5,,isaiah williams,58.7
209,javon baker,22,NWE,11,4,1,12,0.8,1,50,2508,1.99,0,,,,,,2.2,0.2,,,0,,,,0.03,-12.8,,,0.36,,javon baker,0.0
210,chris blair,27,ATL,4,2,1,17,0.37,,,3790,,,,,,,,2.7,0.9,,,0,,,,,-12.1,,,0.5,,chris blair,0.0
211,robbie chosen,31,MIA,2,4,1,5,0.7,1,47,2790,1.68,2,0,0.0%,0,5.6%,,1.5,1.5,3.8,-2.3,0,0,0.29,-0.29,0.02,-11.5,,,2,,robbie chosen,10.3
212,jaelon darden,25,CLE,7,1,1,6,0.16,,,4491,,,,,,,,1.6,0.1,,,0,,,,,-12.9,,,0.14,,jaelon darden,0.0
213,anthony gould,23,IND,8,1,1,23,0.2,,,4444,,,,,,,,3.3,0.4,,,0,,,,,-12.6,,,0.12,,anthony gould,2.6
214,jhaquan jackson,24,TEN,12,3,1,8,0.59,,,4023,,,,,,,,-2.7,-0.2,,,0,,,,,-13.2,,,0.25,,jhaquan jackson,0.0
215,brandon johnson,26,PIT,3,1,1,9,0.22,,,3111,,,,,,,,1.9,0.6,,,0,,,,,-12.4,,,0.33,,brandon johnson,0.0
216,collin johnson,27,CHI,9,2,1,6,0.38,,,3708,,,,,,,,1.6,0.3,,,0,,,,,-12.7,,,0.22,,collin johnson,0.0
217,charlie jones,26,CIN,8,1,1,5,0.16,,,3630,,,,,,,,5.5,0.7,,,0,,,,,-12.3,,,0.12,,charlie jones,6.0
218,velus jones,27,CHI,1,1,1,8,0.19,,,3708,,,,,,,,0.9,0.5,,,0,,,,,-12.5,,,1,,velus jones,3.2
219,ramel keyton,24,LVR,8,3,1,7,0.51,,,3751,,,0,0.0%,0,3.6%,,1.7,0.6,,,0,,,,,-12.4,,,0.38,,ramel keyton,0.0
220,tay martin,27,TEN,1,2,1,49,0.39,,,4023,,,,,,,,11.9,11.9,,,1,,,,,-1.1,,,2,,tay martin,4.3
221,anthony miller,30,BAL,2,1,1,16,0.22,,,3332,,,,,,,,2.6,1.3,,,0,,,,,-11.7,,,0.5,,anthony miller,0.0
222,kendric pryor,26,CIN,1,1,1,9,0.16,,,3630,,,,,,,,1.9,1,,,0,,,,,-12,,,1,,kendric pryor,0.0
223,john ross,29,PHI,1,2,1,6,0.48,,,2519,,,,,,,,1.6,1.6,5.5,-3.9,0,0,0.36,-0.36,,-11.4,,,2,,john ross,0.0
224,tyler scott,23,CHI,11,1,1,5,0.19,,,3708,,,,,,,,1.5,0.1,,,0,,,,,-12.9,,,0.09,,tyler scott,0.0
225,tyrell shavers,25,BUF,3,1,1,69,0.2,,,3994,,,,,,,,13.9,4.6,,,1,,,,,-8.4,,,0.33,,tyrell shavers,45.5
226,trent taylor,30,SFO,2,1,1,11,0.19,,,3098,,,,,,,,2.1,1.1,,,0,,,,,-11.9,,,0.5,,trent taylor,0.0
227,brycen tremayne,25,WAS,2,1,1,-2,0.2,,,3189,,,,,,,,0.8,0.4,,,0,,,,,-12.6,,,0.5,,brycen tremayne,30.0
228,devontez walker,23,BAL,9,3,1,21,0.66,,,3332,,,,,,,,9.1,1.3,,,1,,,,,-11.7,,,0.33,,devontez walker,37.6
229,casey washington,23,ATL,8,2,1,14,0.37,,,3790,,,,,,,,2.4,1.2,1.7,-0.5,0,0,0.03,-0.03,,-11.8,,,0.25,,casey washington,15.4
230,braxton berrios,29,MIA,6,4,0,0,0.7,0,26,2790,0.93,1,0,0.0%,0,2.8%,,0,0,,,0,,,,0.02,-13,,,0.67,,braxton berrios,9.7
231,irvin charles,27,NYJ,13,1,0,0,0.17,,,3922,,,0,0.0%,0,1.6%,,0,0,,,0,,,,,-13,,,0.08,,irvin charles,0.0
232,erik ezukanma,24,MIA,2,2,0,0,0.35,,,2790,,,,,,,,0,0,2,-2,0,0,0.13,-0.13,,-13,,,1,,erik ezukanma,0.0
233,kameron johnson,22,TAM,5,1,0,0,0.18,,,3428,,,0,0.0%,0,2.4%,,1.1,0.2,,,0,,,,,-12.8,,,0.2,,kameron johnson,17.7
234,tom kennedy,28,DET,4,1,0,0,0.19,,,2797,,,,,,,,0,0,,,0,,,,,-13,,,0.25,,tom kennedy,7.6
235,skyy moore,24,KAN,6,3,0,0,0.52,,,2706,,,,,,,,0,0,,,0,,,,,-13,,,0.5,,skyy moore,14.8
236,justyn ross,25,KAN,2,1,0,0,0.17,,,2706,,,0,0.0%,0,2.0%,,0,0,1.7,-1.7,0,0,0.22,-0.22,,-13,,,0.5,,justyn ross,0.0
237,kadarius toney,25,CLE,3,1,0,0,0.16,,,4491,,,,,,,,-2.4,-0.8,,,0,,,,,-13.8,,,0.33,,kadarius toney,0.0
238,xavier weaver,24,ARI,2,2,0,0,0.38,,,2668,,,,,,,,0,0,3.7,-3.7,0,0,0.28,-0.28,,-13,,,1,,xavier weaver,13.7
239,dareke young,25,SEA,14,1,0,0,0.18,,,3520,,,,,,,,0,0,,,0,,,,,-13,,,0.07,,dareke young,6.8
