Player,Position,Age,Team,G,Tgt,Rec,Yds,Target_Share,CATCHABLE,AIR,team_air,air_pct,RZ TGT,RZ_REC,RZ_REC_PCT,RZ_P_TD,RZ_TGT_PCT,Routes Run,FPTS,FPTS/G,XFP,fpts_diff,RTD,TD/G,XTD,td_diff,WOPR,VOR,YPRR,normalized_line,TGT/G
jamarr chase,WR,25,CIN,16,185,125,1412,30.43,129,1570,4707,33.35,22,13,59.1%,7,44.9%,634,313.6,19.6,19.2,0.4,8,0.5,0.43,0.07,0.69,6.6,2.23,,11.56
justin jefferson,WR,26,MIN,17,141,84,1048,30.13,87,1438,3757,38.28,18,5,27.8%,2,40.9%,558,201.5,11.9,14.7,-2.8,2,0.12,0.5,-0.39,0.72,-1.1,1.88,,8.29
puka nacua,WR,24,LAR,16,166,129,1715,28.57,133,1566,5428,28.85,17,14,82.4%,5,29.3%,463,375.0,23.4,19.0,4.4,10,0.69,0.51,0.18,0.63,10.4,3.7,,10.38
ceedee lamb,WR,26,DAL,13,117,75,1077,19.28,83,1403,5069,27.68,17,8,47.1%,2,30.4%,454,200.9,15.5,17.2,-1.7,3,0.23,0.6,-0.37,0.48,2.5,2.37,,9.0
malik nabers,WR,22,NYG,4,35,18,271,6.96,19,555,4473,12.41,4,1,25.0%,0,12.1%,136,57.1,14.3,15.9,-1.7,2,0.5,0.62,-0.12,0.19,1.3,1.99,,8.75
brian thomas,WR,23,JAX,14,91,48,707,16.64,58,1315,4880,26.95,7,2,28.6%,1,14.3%,471,138.8,9.9,12.2,-2.3,2,0.21,0.37,-0.15,0.44,-3.1,1.5,,6.5
nico collins,WR,26,HOU,15,120,71,1117,21.7,72,1529,4765,32.09,18,8,44.4%,3,37.5%,483,226.2,15.1,14.8,0.3,6,0.47,0.52,-0.06,0.55,2.1,2.31,,8.0
aj brown,WR,28,PHI,15,121,78,1003,26.08,79,1425,4483,31.79,13,9,69.2%,3,43.3%,484,220.3,14.7,13.8,0.9,7,0.47,0.36,0.11,0.61,1.7,2.07,,8.07
drake london,WR,24,ATL,12,112,68,919,21.58,69,1221,4170,29.28,15,9,60.0%,7,45.5%,396,201.9,16.8,16.8,0.0,7,0.58,0.51,0.08,0.53,3.8,2.32,,9.33
amon-ra st brown,WR,26,DET,17,172,117,1401,31.27,127,1390,3732,37.25,35,20,57.1%,10,61.4%,567,324.0,19.1,19.3,-0.2,11,0.65,0.68,-0.03,0.73,6.1,2.47,,10.12
ladd mcconkey,WR,24,LAC,16,106,66,789,19.49,72,1046,4546,23.01,15,7,46.7%,4,28.3%,562,180.9,11.3,11.5,-0.2,6,0.38,0.4,-0.02,0.45,-1.7,1.4,,6.62
terry mclaurin,WR,30,WAS,10,60,38,582,13.89,39,839,3998,20.99,8,4,50.0%,2,25.0%,264,114.2,11.4,10.1,1.3,3,0.3,0.31,-0.01,0.36,-1.6,2.2,,6.0
tee higgins,WR,26,CIN,15,98,59,846,16.12,61,1314,4707,27.92,15,10,66.7%,4,30.6%,527,211.6,14.1,11.8,2.3,11,0.73,0.43,0.31,0.44,1.1,1.61,,6.53
dj moore,WR,28,CHI,17,85,50,682,15.98,54,988,4944,19.98,11,6,54.5%,3,26.2%,563,172.2,10.1,10.0,0.1,6,0.41,0.4,0.01,0.38,-2.9,1.21,,5.0
tyreek hill,WR,31,MIA,4,29,21,265,6.28,21,399,3362,11.87,2,2,100.0%,1,6.5%,105,53.5,13.4,12.1,1.3,1,0.25,0.24,0.01,0.18,0.4,2.52,,7.25
jaxon smith-njigba,WR,23,SEA,17,163,119,1793,35.82,124,1833,3758,48.78,17,10,58.8%,6,48.6%,497,359.9,21.2,17.5,3.7,10,0.59,0.47,0.12,0.88,8.2,3.61,,9.59
davante adams,WR,33,LAR,14,114,60,789,19.62,65,1444,5428,26.6,32,13,40.6%,12,55.2%,409,222.9,15.9,18.3,-2.4,14,1.0,1.11,-0.11,0.48,2.9,1.93,,8.14
marvin harrison,WR,23,ARI,12,73,41,608,11.83,45,946,4660,20.3,10,6,60.0%,4,24.4%,385,127.8,10.7,11.6,-0.9,4,0.33,0.45,-0.12,0.32,-2.3,1.58,,6.08
mike evans,WR,32,TAM,8,62,30,368,11.46,32,824,4504,18.29,9,4,44.4%,3,19.6%,228,84.8,10.6,14.7,-4.1,3,0.38,0.52,-0.14,0.3,-2.4,1.61,,7.75
dk metcalf,WR,28,PIT,15,99,59,850,18.97,64,1044,3280,31.83,13,8,61.5%,3,46.4%,429,187.2,12.5,12.0,0.4,6,0.47,0.44,0.03,0.51,-0.5,1.98,,6.6
garrett wilson,WR,25,NYJ,7,59,36,395,12.5,39,535,3404,15.72,4,2,50.0%,2,14.3%,228,99.5,14.2,12.8,1.4,4,0.57,0.19,0.39,0.3,1.2,1.73,,8.43
jaylen waddle,WR,27,MIA,16,100,64,910,21.65,69,1306,3362,38.85,11,8,72.7%,3,35.5%,417,194.1,12.1,11.2,1.0,6,0.38,0.28,0.1,0.6,-0.9,2.18,,6.25
jerry jeudy,WR,26,CLE,17,106,50,602,20.31,60,1288,3785,34.03,9,1,11.1%,0,47.4%,593,120.7,7.1,9.3,-2.2,2,0.12,0.17,-0.05,0.54,-5.9,1.02,,6.24
calvin ridley,WR,31,TEN,7,36,17,303,6.79,21,453,4014,11.29,2,0,0.0%,0,7.1%,160,47.3,6.8,7.9,-1.1,0,0.0,0.1,-0.1,0.18,-6.2,1.89,,5.14
zay flowers,WR,25,BAL,17,118,86,1211,28.99,93,1204,3422,35.18,11,7,63.6%,1,44.0%,480,243.3,14.3,12.1,2.2,5,0.35,0.24,0.12,0.68,1.3,2.52,,6.94
george pickens,WR,24,DAL,17,137,93,1429,22.57,96,1547,5069,30.52,23,11,47.8%,4,41.1%,610,291.9,17.2,15.3,1.8,9,0.53,0.61,-0.08,0.55,4.2,2.34,,8.06
xavier worthy,WR,22,KAN,14,73,42,532,13.3,43,944,4533,20.83,6,4,66.7%,1,12.5%,424,109.9,7.9,9.5,-1.7,1,0.07,0.24,-0.17,0.35,-5.1,1.25,,5.21
jameson williams,WR,24,DET,17,102,65,1117,18.55,76,1289,3732,34.54,9,3,33.3%,1,15.8%,600,219.9,12.9,11.2,1.7,7,0.41,0.26,0.15,0.52,-0.1,1.86,,6.0
courtland sutton,WR,30,DEN,17,124,74,1017,21.23,82,1542,4488,34.36,19,7,36.8%,4,36.5%,633,219.7,12.9,12.9,0.0,7,0.41,0.45,-0.04,0.56,-0.1,1.61,,7.29
devonta smith,WR,27,PHI,17,113,77,1008,24.35,80,1355,4483,30.23,11,7,63.6%,2,36.7%,524,201.8,11.9,11.4,0.5,4,0.24,0.28,-0.04,0.58,-1.1,1.92,,6.65
jauan jennings,WR,28,SFO,15,90,55,643,16.36,58,905,4296,21.07,19,11,57.9%,7,67.9%,466,173.3,11.6,11.3,0.2,9,0.6,0.43,0.17,0.39,-1.4,1.38,,6.0
chris olave,WR,25,NOR,16,156,100,1163,27.61,105,1841,4787,38.46,15,7,46.7%,5,44.1%,586,268.0,16.8,16.0,0.7,9,0.56,0.45,0.11,0.68,3.8,1.98,,9.75
rome odunze,WR,23,CHI,12,90,44,661,16.92,46,1252,4944,25.32,12,5,41.7%,3,28.6%,415,146.1,12.2,14.4,-2.2,6,0.5,0.5,0.0,0.43,-0.8,1.59,,7.5
jakobi meyers,WR,29,2TM,16,110,75,835,22.27,77,1008,3208,31.42,15,7,46.7%,3,20.5%,529,175.8,11.0,12.4,-1.4,3,0.19,0.37,-0.18,0.55,-2.0,1.58,,6.88
khalil shakir,WR,25,BUF,16,95,72,719,19.83,74,349,3614,9.66,13,10,76.9%,2,37.1%,422,166.4,10.4,9.3,1.1,4,0.25,0.15,0.1,0.37,-2.6,1.7,,5.94
ricky pearsall,WR,25,SFO,9,53,36,528,9.64,37,748,4296,17.41,4,1,25.0%,0,14.3%,287,88.6,9.8,10.6,-0.7,0,0.0,0.23,-0.23,0.27,-3.2,1.84,,5.89
michael pittman,WR,28,IND,17,111,80,784,20.94,86,907,4380,20.71,15,8,53.3%,5,37.5%,542,202.4,11.9,11.6,0.3,7,0.41,0.31,0.1,0.46,-1.1,1.45,,6.53
stefon diggs,WR,32,NWE,17,102,85,1013,21.16,88,871,4612,18.89,12,9,75.0%,4,41.4%,421,210.3,12.4,10.2,2.1,4,0.24,0.27,-0.03,0.45,-0.6,2.41,,6.0
keon coleman,WR,22,BUF,12,59,38,404,12.32,41,659,3614,18.23,9,6,66.7%,3,25.7%,317,102.4,8.5,9.5,-1.0,4,0.33,0.33,0.0,0.31,-4.5,1.27,,4.92
jordan addison,WR,23,MIN,14,79,42,610,16.88,48,1083,3757,28.83,13,7,53.8%,3,29.5%,450,135.1,9.7,10.2,-0.5,3,0.29,0.37,-0.09,0.45,-3.3,1.36,,5.64
chris godwin,WR,29,TAM,9,51,33,360,9.43,34,361,4504,8.02,7,3,42.9%,2,15.2%,268,83.0,9.2,9.6,-0.4,2,0.22,0.29,-0.07,0.2,-3.8,1.34,,5.67
rashid shaheed,WR,27,2TM,18,92,59,687,16.28,59,1053,4787,22.0,9,6,66.7%,1,13.0%,490,156.6,8.7,8.5,0.2,2,0.11,0.18,-0.07,0.4,-4.3,1.4,,5.11
darnell mooney,WR,28,ATL,15,72,32,443,13.87,37,1019,4170,24.44,8,3,37.5%,0,24.2%,460,82.3,5.5,8.4,-2.9,1,0.07,0.21,-0.14,0.38,-7.5,0.96,,4.8
cooper kupp,WR,32,SEA,16,70,47,593,15.38,50,525,3758,13.97,12,7,58.3%,2,34.3%,426,116.3,7.3,7.7,-0.4,2,0.12,0.23,-0.1,0.33,-5.7,1.39,,4.38
josh downs,WR,24,IND,16,88,58,566,16.6,62,659,4380,15.05,15,10,66.7%,4,37.5%,381,138.4,8.7,8.5,0.2,4,0.25,0.17,0.08,0.35,-4.3,1.49,,5.5
jayden reed,WR,25,GNB,5,22,19,207,4.78,20,179,4283,4.18,4,4,100.0%,1,10.8%,112,48.5,9.7,7.5,2.2,1,0.2,0.15,0.05,0.1,-3.3,1.85,,4.4
deebo samuel,WR,29,WAS,16,99,72,727,22.92,78,527,3998,13.18,12,9,75.0%,4,37.5%,442,188.2,11.8,11.3,0.5,5,0.38,0.32,0.06,0.44,-1.2,1.64,,6.19
christian kirk,WR,29,HOU,11,52,28,239,9.4,30,365,4765,7.66,6,3,50.0%,1,12.5%,280,57.9,5.3,7.7,-2.4,1,0.09,0.21,-0.12,0.19,-7.7,0.85,,4.73
quentin johnston,WR,24,LAC,13,84,51,735,15.44,53,989,4546,21.76,15,10,66.7%,4,28.3%,487,171.2,13.2,12.0,1.2,8,0.62,0.43,0.19,0.38,0.2,1.51,,6.46
xavier legette,WR,24,CAR,15,64,35,363,13.33,37,633,3450,18.35,12,5,41.7%,2,30.0%,403,89.3,6.0,7.2,-1.2,3,0.2,0.25,-0.05,0.33,-7.0,0.9,,4.27
cedric tillman,WR,25,CLE,12,39,21,270,7.47,22,463,3785,12.23,4,4,100.0%,2,21.1%,315,60.0,5.0,5.2,-0.2,2,0.17,0.14,0.03,0.2,-8.0,0.86,,3.25
adam thielen,WR,35,2TM,14,35,19,186,7.48,22,306,3757,8.14,3,2,66.7%,0,4.2%,251,39.6,2.8,4.0,-1.2,0,0.0,0.05,-0.05,0.17,-10.2,0.74,,2.5
marquise brown,WR,28,KAN,16,74,49,587,13.48,51,836,4533,18.44,10,7,70.0%,5,20.8%,394,137.7,8.6,7.9,0.7,5,0.31,0.26,0.06,0.33,-4.4,1.49,,4.62
wandale robinson,WR,24,NYG,16,140,92,1014,27.83,96,1187,4473,26.54,13,4,30.8%,1,39.4%,543,217.9,13.6,13.6,0.1,4,0.25,0.27,-0.02,0.6,0.6,1.87,,8.75
rashod bateman,WR,26,BAL,13,38,19,224,9.34,22,468,3422,13.68,8,5,62.5%,2,32.0%,323,55.4,4.3,5.4,-1.1,2,0.15,0.19,-0.03,0.24,-8.7,0.69,,2.92
marvin mims,WR,23,DEN,15,51,37,322,8.73,38,478,4488,10.65,3,2,66.7%,0,5.8%,277,95.0,6.3,6.0,0.3,1,0.13,0.14,-0.01,0.21,-6.7,1.16,,3.4
demario douglas,WR,25,NWE,16,46,31,447,9.54,33,445,4612,9.65,7,4,57.1%,2,24.1%,221,95.8,6.0,5.4,0.5,3,0.19,0.2,-0.01,0.21,-7.0,2.02,,2.88
michael wilson,WR,25,ARI,17,126,78,1006,20.42,79,1502,4660,32.23,16,8,50.0%,4,39.0%,632,220.6,13.0,12.7,0.3,7,0.41,0.37,0.04,0.53,0.0,1.59,,7.41
josh palmer,WR,26,BUF,12,37,22,303,7.72,22,424,3614,11.73,6,3,50.0%,0,17.1%,239,52.3,4.4,5.7,-1.3,0,0.0,0.15,-0.15,0.2,-8.6,1.27,,3.08
romeo doubs,WR,25,GNB,16,85,55,724,18.48,58,1085,4283,25.33,17,10,58.8%,5,45.9%,419,165.4,10.3,10.3,0.0,6,0.38,0.41,-0.04,0.45,-2.7,1.73,,5.31
darius slayton,WR,28,NYG,14,63,37,538,12.52,42,843,4473,18.85,6,1,16.7%,0,18.2%,436,98.8,7.1,7.9,-0.8,1,0.07,0.23,-0.16,0.32,-5.9,1.23,,4.5
calvin austin,WR,26,PIT,14,55,31,372,10.54,33,605,3280,18.45,4,3,75.0%,2,14.3%,271,86.2,6.2,6.2,-0.1,3,0.21,0.13,0.08,0.29,-6.8,1.37,,3.93
tutu atwell,WR,26,LAR,8,15,6,192,2.58,7,302,5428,5.56,1,0,0.0%,0,1.7%,142,31.2,3.9,3.5,0.4,1,0.12,0.07,0.06,0.08,-9.1,1.35,,1.88
keenan allen,WR,33,LAC,17,122,81,777,22.43,87,1027,4546,22.59,16,7,43.8%,4,30.2%,468,182.7,10.7,11.7,-1.0,4,0.24,0.35,-0.12,0.49,-2.3,1.66,,7.18
ray-ray mccloud,WR,29,2TM,6,15,7,69,2.89,8,84,4170,2.01,1,0,0.0%,0,1.5%,136,13.9,2.3,3.9,-1.6,0,0.0,0.06,-0.06,0.06,-10.7,0.51,,2.5
elijah moore,WR,25,BUF,9,17,9,112,3.55,10,142,3614,3.93,0,0,,0,0.0%,108,28.6,3.2,3.9,-0.7,0,0.11,0.07,0.04,0.08,-9.8,1.04,,1.89
deandre hopkins,WR,33,BAL,17,39,22,330,9.58,22,513,3422,14.99,3,0,0.0%,0,12.0%,202,67.0,3.9,4.0,0.0,2,0.12,0.13,-0.02,0.25,-9.1,1.63,,2.29
tank dell,WR,26,HOU,0,0,0,0,0.0,0,0,4595,0.0,0,0,,0,0.0%,0,0.0,0.0,0.0,0.0,0,0.0,0.0,0.0,0.0,-13.0,,,0.0
tyler lockett,WR,33,2TM,17,55,32,291,10.38,35,426,4014,10.61,2,1,50.0%,1,3.8%,373,67.1,3.9,4.6,-0.7,1,0.06,0.07,-0.01,0.23,-9.1,0.78,,3.24
jalen tolbert,WR,26,DAL,12,34,18,203,5.6,19,408,5069,8.05,4,0,0.0%,0,7.1%,265,46.3,3.9,5.3,-1.4,1,0.08,0.2,-0.12,0.14,-9.1,0.77,,2.83
tre tucker,WR,24,LVR,17,92,57,696,18.62,60,935,3208,29.15,10,6,60.0%,3,41.7%,584,161.7,9.5,9.1,0.4,5,0.29,0.22,0.07,0.48,-3.5,1.19,,5.41
olamide zaccheaus,WR,28,CHI,14,65,39,313,12.22,44,462,4944,9.34,12,7,58.3%,2,28.6%,342,84.8,6.1,7.9,-1.8,2,0.14,0.19,-0.05,0.25,-6.9,0.92,,4.64
amari cooper,WR,31,LVR,0,0,0,0,0.0,0,0,3199,0.0,0,0,,0,0.0%,0,0.0,0.0,0.0,0.0,0,0.0,0.0,0.0,0.0,-13.0,,,0.0
kayshon boutte,WR,23,NWE,14,46,33,551,9.54,34,781,4612,16.93,4,2,50.0%,2,13.8%,375,124.1,8.9,6.4,2.4,6,0.43,0.24,0.18,0.26,-4.1,1.47,,3.29
devaughn vele,WR,28,NOR,9,39,25,293,6.9,25,432,4787,9.02,4,2,50.0%,2,11.8%,244,66.3,7.4,7.4,-0.1,2,0.22,0.24,-0.01,0.17,-5.6,1.2,,4.33
tyler boyd,WR,31,FA,0,0,0,0,0.0,0,0,0,0.0,0,0,,0,,0,0.0,0.0,0.0,0.0,0,0.0,0.0,0.0,0.0,-13.0,,,0.0
dontayvion wicks,WR,24,GNB,13,46,30,332,10.0,32,517,4283,12.07,4,3,75.0%,1,10.8%,241,75.8,5.8,6.3,-0.5,2,0.15,0.19,-0.04,0.23,-7.2,1.38,,3.54
greg dortch,WR,27,ARI,12,33,29,206,5.35,30,58,4660,1.24,7,7,100.0%,2,17.1%,216,75.1,6.3,4.9,1.4,3,0.33,0.13,0.2,0.09,-6.7,0.95,,2.75
allen lazard,WR,30,NYJ,9,18,10,70,3.81,11,142,3404,4.17,6,3,50.0%,1,21.4%,162,23.0,2.6,3.4,-0.8,1,0.11,0.22,-0.11,0.09,-10.4,0.43,,2.0
jalen mcmillan,WR,24,TAM,4,15,12,178,2.77,13,179,4504,3.97,1,1,100.0%,0,2.2%,83,29.9,7.5,6.6,0.9,0,0.0,0.15,-0.15,0.07,-5.5,2.14,,3.75
alec pierce,WR,25,IND,15,84,47,1003,15.85,48,1593,4380,36.37,9,4,44.4%,4,22.5%,478,183.3,12.2,11.3,0.9,6,0.4,0.37,0.03,0.49,-0.8,2.1,,5.6
andrei iosivas,WR,26,CIN,15,58,33,435,9.54,38,606,4707,12.87,7,2,28.6%,1,14.3%,553,89.9,6.0,6.9,-0.9,2,0.13,0.18,-0.05,0.23,-7.0,0.79,,3.87
noah brown,WR,29,WAS,4,10,5,83,2.31,5,145,3998,3.63,2,0,0.0%,0,6.2%,70,13.3,3.3,4.5,-1.2,0,0.0,0.14,-0.14,0.06,-9.7,1.19,,2.5
tim patrick,WR,32,JAX,13,24,15,187,4.39,17,258,4880,5.29,9,6,66.7%,2,18.4%,164,51.7,4.0,3.9,0.1,3,0.23,0.21,0.02,0.1,-9.0,1.14,,1.85
diontae johnson,WR,29,CLE,0,0,0,0,0.0,0,0,3591,0.0,0,0,,0,0.0%,0,0.0,0.0,0.0,0.0,0,0.0,0.0,0.0,0.0,-13.0,,,0.0
jalen coker,WR,24,CAR,11,43,33,394,8.96,33,435,3450,12.61,3,2,66.7%,1,7.5%,291,90.4,8.2,6.6,1.6,3,0.27,0.14,0.13,0.22,-4.8,1.35,,3.91
david moore,WR,30,CAR,3,1,1,5,0.21,1,5,3450,0.14,0,0,,0,0.0%,38,2.7,0.9,0.7,0.2,0,0.0,0.0,0.0,0.0,-12.1,0.13,,0.33
sterling shepard,WR,32,TAM,13,53,39,371,9.8,39,453,4504,10.06,7,4,57.1%,1,15.2%,359,82.0,6.3,7.3,-1.0,1,0.08,0.19,-0.12,0.22,-6.7,1.03,,4.08
parker washington,WR,23,JAX,16,95,58,847,17.37,65,1187,4880,24.32,14,10,71.4%,4,28.6%,412,184.7,11.5,11.1,0.4,5,0.31,0.35,-0.04,0.43,-1.5,2.06,,5.94
nick westbrook-ikhine,WR,28,MIA,13,20,11,89,4.33,14,110,3362,3.27,2,0,0.0%,0,6.5%,222,19.9,1.5,2.3,-0.8,0,0.0,0.02,-0.02,0.09,-11.5,0.4,,1.54
mack hollins,WR,32,NWE,14,65,46,550,13.49,46,851,4612,18.45,5,4,80.0%,2,17.2%,343,113.4,8.1,8.3,-0.2,2,0.14,0.22,-0.08,0.33,-4.9,1.6,,4.64
liljordan humphrey,WR,27,2TM,7,25,13,156,4.97,14,277,4473,6.19,4,1,25.0%,1,4.7%,174,34.6,4.9,6.1,-1.2,1,0.14,0.25,-0.1,0.12,-8.1,0.9,,3.57
demarcus robinson,WR,31,SFO,14,35,22,276,6.36,23,472,4296,10.99,3,1,33.3%,0,10.7%,266,58.2,4.2,4.8,-0.7,1,0.07,0.17,-0.09,0.17,-8.8,1.04,,2.5
curtis samuel,WR,29,BUF,6,9,7,81,1.88,7,145,3614,4.01,1,1,100.0%,1,2.9%,91,21.1,3.5,2.7,0.8,1,0.17,0.08,0.09,0.06,-9.5,0.89,,1.5
kavontae turpin,WR,29,DAL,15,38,26,396,6.26,30,339,5069,6.69,5,3,60.0%,1,8.9%,241,84.5,5.6,5.2,0.5,2,0.13,0.13,0.01,0.14,-7.4,1.64,,2.53
dyami brown,WR,26,JAX,11,37,20,227,6.76,25,518,4880,10.61,9,4,44.4%,1,18.4%,205,49.7,4.5,7.3,-2.7,1,0.09,0.33,-0.24,0.18,-8.5,1.11,,3.36
christian watson,WR,26,GNB,10,55,35,611,11.96,36,977,4283,22.81,6,3,50.0%,2,16.2%,244,132.4,13.2,11.0,2.2,6,0.6,0.44,0.16,0.34,0.2,2.5,,5.5
kendrick bourne,WR,30,SFO,14,53,37,551,9.64,43,584,4296,13.59,2,1,50.0%,0,7.1%,361,92.1,6.6,6.2,0.4,0,0.0,0.08,-0.08,0.24,-6.4,1.53,,3.79
troy franklin,WR,22,DEN,17,104,65,709,17.81,69,1321,4488,29.43,18,14,77.8%,4,34.6%,491,177.1,10.4,11.4,-1.0,6,0.35,0.4,-0.04,0.47,-2.6,1.44,,6.12
jalen nailor,WR,26,MIN,17,53,29,444,11.32,30,656,3757,17.46,12,6,50.0%,4,27.3%,421,100.7,5.9,6.0,-0.1,4,0.24,0.27,-0.04,0.29,-7.1,1.05,,3.12
brandin cooks,WR,32,2TM,13,36,24,279,6.37,27,516,4787,10.78,1,0,0.0%,0,1.4%,351,51.9,4.0,4.3,-0.3,0,0.0,0.08,-0.08,0.17,-9.0,0.79,,2.77
tyler johnson,WR,27,NYJ,9,18,12,197,3.81,14,210,3404,6.17,3,2,66.7%,1,10.7%,171,37.7,4.2,3.1,1.1,1,0.11,0.05,0.06,0.1,-8.8,1.15,,2.0
malik washington,WR,25,MIA,17,65,46,317,14.07,47,337,3362,10.02,11,10,90.9%,3,35.5%,366,116.7,6.9,6.9,0.0,3,0.24,0.21,0.02,0.28,-6.1,0.87,,3.82
brandon aiyuk,WR,27,SFO,0,0,0,0,0.0,0,0,4130,0.0,0,0,,0,0.0%,0,0.0,0.0,0.0,0.0,0,0.0,0.0,0.0,0.0,-13.0,,,0.0
van jefferson,WR,29,TEN,14,52,29,350,9.81,30,623,4014,15.52,3,2,66.7%,1,10.7%,374,70.0,5.0,5.8,-0.8,1,0.07,0.1,-0.02,0.26,-8.0,0.94,,3.71
john metchie,WR,25,2TM,13,48,33,274,10.34,36,268,4483,5.98,5,1,20.0%,1,8.6%,258,71.9,5.5,5.3,0.2,2,0.15,0.08,0.08,0.2,-7.5,1.06,,3.69
rashee rice,WR,25,KAN,8,78,53,571,14.21,57,338,4533,7.46,18,11,61.1%,4,37.5%,266,150.1,18.8,18.1,0.7,5,0.75,0.79,-0.04,0.27,5.8,2.15,,9.75
adonai mitchell,WR,23,2TM,16,74,33,453,13.96,35,1102,4380,25.16,8,3,37.5%,1,11.8%,310,87.9,5.5,7.3,-1.8,2,0.12,0.18,-0.06,0.39,-7.5,1.46,,4.62
justin watson,WR,29,HOU,3,4,3,30,0.72,3,33,4765,0.69,2,1,50.0%,0,4.2%,33,6.0,2.0,2.4,-0.4,0,0.0,0.11,-0.11,0.02,-11.0,0.91,,1.33
jordan whittington,WR,25,LAR,15,25,18,171,4.3,20,171,5428,3.15,1,1,100.0%,0,1.7%,217,36.3,2.4,2.8,-0.4,0,0.0,0.04,-0.04,0.09,-10.6,0.79,,1.67
mike williams,WR,31,LAC,0,0,0,0,0.0,0,0,4407,0.0,0,0,,0,0.0%,0,0.0,0.0,0.0,0.0,0,0.0,0.0,0.0,0.0,-13.0,,,0.0
gabriel davis,WR,26,BUF,6,18,12,129,3.76,12,159,3614,4.4,6,4,66.7%,1,17.1%,135,30.9,5.1,6.0,-0.8,1,0.17,0.35,-0.18,0.09,-7.9,0.96,,3.0
cedrick wilson,WR,30,MIA,6,9,5,44,1.95,5,79,3362,2.35,3,1,33.3%,0,9.7%,78,9.4,1.6,2.6,-1.1,0,0.0,0.12,-0.12,0.05,-11.4,0.56,,1.5
robert woods,WR,33,PIT,0,0,0,0,0.0,0,0,3166,0.0,0,0,,0,0.0%,0,0.0,0.0,0.0,0.0,0,0.0,0.0,0.0,0.0,-13.0,,,0.0
jahan dotson,WR,25,PHI,15,36,18,262,7.76,18,555,4483,12.38,5,0,0.0%,0,16.7%,413,50.2,3.3,4.1,-0.7,1,0.07,0.11,-0.04,0.2,-9.7,0.63,,2.4
marquez valdes-scantling,WR,31,2TM,9,29,14,120,5.27,14,354,4296,8.24,5,2,40.0%,1,8.9%,233,32.0,3.6,5.5,-2.0,1,0.11,0.2,-0.08,0.14,-9.4,0.52,,3.22
luke mccaffrey,WR,24,WAS,9,15,11,203,3.47,11,218,3998,5.45,2,1,50.0%,1,6.2%,107,51.3,5.7,3.3,2.4,3,0.33,0.12,0.21,0.09,-7.3,1.9,,1.67
juju smith-schuster,WR,29,KAN,17,45,33,345,8.2,35,244,4533,5.38,9,4,44.4%,1,18.8%,388,73.5,4.3,4.4,0.0,1,0.06,0.13,-0.08,0.16,-8.7,0.89,,2.65
kalif raymond,WR,31,DET,15,30,24,289,5.45,24,169,3732,4.53,2,1,50.0%,0,3.5%,217,66.8,4.5,3.4,1.1,1,0.07,0.04,0.03,0.11,-8.5,1.33,,2.0
jonathan mingo,WR,24,DAL,5,5,1,25,0.82,2,97,5069,1.91,0,0,,0,0.0%,41,3.5,0.7,1.8,-1.1,0,0.0,0.02,-0.02,0.03,-12.3,0.61,,1.0
dj turner,WR,28,LVR,1,0,0,0,0.0,0,0,3199,0.0,0,0,,0,0.0%,0,0.0,0.0,0.0,0.0,0,0.0,0.0,0.0,0.0,-13.0,,,0.0
nelson agholor,WR,32,FA,0,0,0,0,0.0,0,0,0,0.0,0,0,,0,,0,0.0,0.0,0.0,0.0,0,0.0,0.0,0.0,0.0,-13.0,,,0.0
mason tipton,WR,25,NOR,8,17,11,76,3.01,11,149,4787,3.11,2,1,50.0%,0,5.9%,179,20.4,2.5,3.6,-1.0,0,0.0,0.05,-0.05,0.07,-10.4,0.42,,2.12
jake bobo,WR,27,SEA,5,2,2,20,0.44,2,14,3758,0.37,0,0,,0,0.0%,36,4.0,0.8,0.6,0.2,0,0.0,0.0,0.0,0.01,-12.2,0.56,,0.4
derius davis,WR,25,LAC,11,3,2,10,0.55,2,33,4546,0.73,0,0,,0,0.0%,54,3.5,0.3,0.5,-0.2,0,0.0,0.02,-0.02,0.01,-12.7,0.19,,0.27
josh reynolds,WR,30,NYJ,5,21,11,101,4.45,11,276,3404,8.11,1,0,0.0%,0,3.6%,163,23.1,4.6,6.7,-2.1,0,0.0,0.12,-0.12,0.12,-8.4,0.62,,4.2
jalen brooks,WR,25,ARI,5,6,3,51,0.99,4,68,5069,1.34,0,0,,0,0.0%,74,8.1,1.6,1.8,-0.2,0,0.0,0.01,-0.01,0.02,-11.4,0.69,,1.2
mecole hardman,WR,27,BUF,2,1,0,0,0.21,0,46,3614,1.27,0,0,,0,0.0%,3,0.0,0.0,1.4,-1.4,0,0.0,0.04,-0.04,0.01,-13.0,0.0,,0.5
xavier hutchinson,WR,25,HOU,16,57,35,428,10.31,37,584,4765,12.26,7,5,71.4%,2,14.6%,407,98.0,6.1,6.3,-0.2,3,0.19,0.18,0.01,0.24,-6.9,1.05,,3.56
ryan miller,WR,25,TAM,9,4,2,34,0.74,3,70,4504,1.55,1,1,100.0%,1,2.2%,33,11.4,1.3,0.9,0.4,1,0.11,0.04,0.07,0.02,-11.7,1.03,,0.44
trey palmer,WR,24,NOR,0,0,0,0,0.0,0,0,4678,0.0,0,0,,0,0.0%,0,0.0,0.0,0.0,0.0,0,0.0,0.0,0.0,0.0,-13.0,,,0.0
dante pettis,WR,30,NOR,8,11,9,127,1.95,9,105,4787,2.19,0,0,,0,0.0%,78,19.7,2.5,2.1,0.4,0,0.0,0.02,-0.02,0.04,-10.5,1.63,,1.38
jalynn polk,WR,23,NOR,0,0,0,0,0.0,0,0,4678,0.0,0,0,,0,0.0%,0,0.0,0.0,0.0,0.0,0,0.0,0.0,0.0,0.0,-13.0,,,0.0
kevin austin,WR,25,NOR,5,23,13,140,4.07,17,191,4787,3.99,2,1,50.0%,1,5.9%,152,33.0,6.6,7.2,-0.6,1,0.2,0.13,0.07,0.09,-6.4,0.92,,4.6
devin duvernay,WR,28,CHI,17,5,2,26,0.94,2,75,4944,1.52,1,1,100.0%,0,2.4%,25,4.6,0.3,0.6,-0.3,0,0.0,0.04,-0.04,0.02,-12.7,1.04,,0.29
tylan wallace,WR,26,BAL,11,8,4,45,1.97,4,107,3422,3.13,2,1,50.0%,1,8.0%,90,14.5,1.3,1.5,-0.2,1,0.09,0.1,-0.01,0.05,-11.7,0.5,,0.73
ryan flournoy,WR,26,DAL,15,56,40,475,9.23,42,466,5069,9.19,7,4,57.1%,3,12.5%,274,114.0,7.6,6.8,0.8,4,0.27,0.23,0.03,0.2,-5.4,1.73,,3.73
malik heath,WR,25,GNB,7,7,6,86,1.52,6,65,4283,1.52,0,0,,0,0.0%,103,14.6,2.1,1.4,0.7,0,0.0,0.01,-0.01,0.03,-10.9,0.83,,1.0
odell beckham,WR,33,FA,0,0,0,0,0.0,0,0,0,0.0,0,0,,0,,0,0.0,0.0,0.0,0.0,0,0.0,0.0,0.0,0.0,-13.0,,,0.0
deandre carter,WR,32,CLE,4,0,0,0,0.0,0,0,3591,0.0,0,0,,0,0.0%,0,0.0,0.0,0.0,0.0,0,0.0,0.0,0.0,0.0,-13.0,,,0.0
jamison crowder,WR,32,FA,0,0,0,0,0.0,0,0,0,0.0,0,0,,0,,0,0.0,0.0,0.0,0.0,0,0.0,0.0,0.0,0.0,-13.0,,,0.0
rakim jarrett,WR,24,PIT,0,0,0,0,0.0,0,0,3166,0.0,0,0,,0,0.0%,0,0.0,0.0,0.0,0.0,0,0.0,0.0,0.0,0.0,-13.0,,,0.0
bub means,WR,24,NOR,0,0,0,0,0.0,0,0,4678,0.0,0,0,,0,0.0%,0,0.0,0.0,0.0,0.0,0,0.0,0.0,0.0,0.0,-13.0,,,0.0
jalin hyatt,WR,24,NYG,6,14,5,35,2.78,5,280,4473,6.26,1,0,0.0%,0,3.0%,109,8.5,1.4,3.8,-2.4,0,0.0,0.1,-0.1,0.09,-11.6,0.32,,2.33
zay jones,WR,30,ARI,6,18,12,183,2.92,12,241,4660,5.17,2,0,0.0%,0,4.9%,173,30.3,5.0,5.3,-0.3,0,0.0,0.13,-0.13,0.08,-8.0,1.06,,3.0
bo melton,WR,26,GNB,13,13,4,107,2.83,5,222,4283,5.18,0,0,,0,0.0%,50,24.2,1.9,1.8,0.0,1,0.08,0.02,0.05,0.08,-11.1,2.14,,1.0
trent sherfield,WR,29,2TM,4,5,3,21,0.86,3,45,4488,1.0,2,1,50.0%,0,2.2%,81,5.1,1.3,2.2,-0.9,0,0.0,0.08,-0.08,0.02,-11.7,0.26,,1.25
britain covey,WR,28,PHI,6,4,2,20,0.86,3,8,4483,0.18,0,0,,0,0.0%,27,4.0,0.7,0.9,-0.2,0,0.0,0.01,-0.01,0.01,-12.3,0.74,,0.67
river cracraft,WR,31,WAS,2,0,0,0,0.0,0,0,3750,0.0,0,0,,0,0.0%,0,0.0,0.0,0.0,0.0,0,0.0,0.0,0.0,0.0,-13.0,,,0.0
khadarel hodge,WR,31,ATL,8,10,3,31,1.93,4,150,4170,3.6,0,0,,0,0.0%,39,6.1,0.8,2.1,-1.3,0,0.0,0.03,-0.03,0.05,-12.2,0.79,,1.25
kj osborn,WR,28,ATL,0,0,0,0,0.0,0,0,4184,0.0,0,0,,0,0.0%,0,0.0,0.0,0.0,0.0,0,0.0,0.0,0.0,0.0,-13.0,,,0.0
brandon powell,WR,30,FA,0,0,0,0,0.0,0,0,0,0.0,0,0,,0,,0,0.0,0.0,0.0,0.0,0,0.0,0.0,0.0,0.0,-13.0,,,0.0
jalen reagor,WR,26,LAC,0,0,0,0,0.0,0,0,4407,0.0,0,0,,0,0.0%,0,0.0,0.0,0.0,0.0,0,0.0,0.0,0.0,0.0,-13.0,,,0.0
ainias smith,WR,24,CAR,0,0,0,0,0.0,0,0,3259,0.0,0,0,,0,0.0%,0,0.0,0.0,0.0,0.0,0,0.0,0.0,0.0,0.0,-13.0,,,0.0
michael woods,WR,25,FA,0,0,0,0,0.0,0,0,0,0.0,0,0,,0,,0,0.0,0.0,0.0,0.0,0,0.0,0.0,0.0,0.0,-13.0,,,0.0
parris campbell,WR,28,DAL,1,0,0,0,0.0,0,0,4925,0.0,0,0,,0,0.0%,0,0.0,0.0,0.0,0.0,0,0.0,0.0,0.0,0.0,-13.0,,,0.0
chris conley,WR,33,FA,0,0,0,0,0.0,0,0,0,0.0,0,0,,0,,0,0.0,0.0,0.0,0.0,0,0.0,0.0,0.0,0.0,-13.0,,,0.0
simi fehoko,WR,28,ARI,7,0,0,0,0.0,0,0,4450,0.0,0,0,,0,0.0%,0,0.0,0.0,0.0,0.0,0,0.0,0.0,0.0,0.0,-13.0,,,0.0
xavier gipson,WR,24,PHI,6,2,2,6,0.42,2,-9,3404,-0.26,1,1,100.0%,0,3.3%,3,2.6,0.4,0.5,-0.1,0,0.0,0.01,-0.01,0.0,-12.6,2.0,,0.33
bryce oliver,WR,25,TEN,2,1,1,8,0.19,1,6,4014,0.15,0,0,,0,0.0%,22,1.8,0.9,0.7,0.2,0,0.0,0.0,0.0,0.0,-12.1,0.36,,0.5
scott miller,WR,28,PIT,5,14,9,62,2.68,9,74,3280,2.26,2,1,50.0%,0,7.1%,100,15.2,3.0,4.4,-1.4,0,0.0,0.11,-0.11,0.06,-10.0,0.62,,2.8
laviska shenault,WR,27,BUF,0,0,0,0,0.0,0,0,3492,0.0,0,0,,0,0.0%,0,0.0,0.0,0.0,0.0,0,0.0,0.0,0.0,0.0,-13.0,,,0.0
ben skowronek,WR,28,PIT,16,6,4,69,1.15,4,61,3280,1.86,1,0,0.0%,0,3.6%,56,16.9,1.1,0.7,0.4,1,0.06,0.03,0.04,0.03,-11.9,1.23,,0.38
johnny wilson,WR,24,PHI,0,0,0,0,0.0,0,0,4212,0.0,0,0,,0,0.0%,0,0.0,0.0,0.0,0.0,0,0.0,0.0,0.0,0.0,-13.0,,,0.0
treylon burks,WR,25,WAS,8,22,10,130,5.09,10,296,3998,7.4,4,1,25.0%,1,12.5%,154,29.0,3.6,5.1,-1.5,1,0.12,0.26,-0.13,0.13,-9.4,0.84,,2.75
jermaine burton,WR,24,CIN,0,0,0,0,0.0,0,0,4565,0.0,0,0,,0,0.0%,0,0.0,0.0,0.0,0.0,0,0.0,0.0,0.0,0.0,-13.0,,,0.0
dj chark,WR,29,FA,0,0,0,0,0.0,0,0,0,0.0,0,0,,0,,0,0.0,0.0,0.0,0.0,0,0.0,0.0,0.0,0.0,-13.0,,,0.0
jacob cowing,WR,24,SFO,0,0,0,0,0.0,0,0,4130,0.0,0,0,,0,0.0%,0,0.0,0.0,0.0,0.0,0,0.0,0.0,0.0,0.0,-13.0,,,0.0
deven thompkins,WR,26,ATL,7,3,3,27,0.58,3,7,4170,0.17,0,0,,0,0.0%,9,6.2,0.9,0.7,0.1,0,0.0,0.0,0.0,0.01,-12.1,3.0,,0.43
tyquan thornton,WR,25,KAN,12,37,19,438,6.74,22,995,4533,21.95,4,2,50.0%,2,8.3%,258,80.8,6.7,6.4,0.4,3,0.25,0.34,-0.09,0.25,-6.3,1.7,,3.08
alex bachman,WR,29,LVR,11,3,2,12,0.61,2,14,3208,0.44,0,0,,0,0.0%,17,3.2,0.3,0.4,-0.1,0,0.0,0.0,0.0,0.01,-12.7,0.71,,0.27
david bell,WR,25,CLE,0,0,0,0,0.0,0,0,3591,0.0,0,0,,0,0.0%,0,0.0,0.0,0.0,0.0,0,0.0,0.0,0.0,0.0,-13.0,,,0.0
dan chisena,WR,28,CAR,0,0,0,0,0.0,0,0,3259,0.0,0,0,,0,0.0%,0,0.0,0.0,0.0,0.0,0,0.0,0.0,0.0,0.0,-13.0,,,0.0
malachi corley,WR,23,CLE,12,14,11,79,2.68,11,-7,3785,-0.18,1,1,100.0%,0,5.3%,76,31.6,2.6,2.5,0.1,0,0.0,0.07,-0.07,0.04,-10.4,1.04,,1.17
dwayne eskridge,WR,28,MIA,11,7,4,62,1.52,4,98,3362,2.91,0,0,,0,0.0%,57,10.2,0.9,0.8,0.1,0,0.0,0.0,0.0,0.04,-12.1,1.09,,0.64
trenton irwin,WR,30,NYJ,0,0,0,0,0.0,0,0,3218,0.0,0,0,,0,0.0%,0,0.0,0.0,0.0,0.0,0,0.0,0.0,0.0,0.0,-13.0,,,0.0
tim jones,WR,27,JAX,2,1,1,15,0.18,1,4,4880,0.08,0,0,,0,0.0%,11,2.5,1.2,0.7,0.5,0,0.0,0.0,0.0,0.0,-11.8,1.36,,0.5
terrace marshall,WR,25,PHI,0,0,0,0,0.0,0,0,4212,0.0,0,0,,0,0.0%,0,0.0,0.0,0.0,0.0,0,0.0,0.0,0.0,0.0,-13.0,,,0.0
james proche,WR,29,TEN,6,12,6,65,2.26,6,175,4014,4.36,0,0,,0,0.0%,110,12.5,2.1,2.8,-0.7,0,0.0,0.02,-0.02,0.06,-10.9,0.59,,2.0
allen robinson,WR,32,FA,0,0,0,0,0.0,0,0,0,0.0,0,0,,0,,0,0.0,0.0,0.0,0.0,0,0.0,0.0,0.0,0.0,-13.0,,,0.0
jamari thrash,WR,25,CLE,8,15,10,107,2.87,10,102,3785,2.69,1,1,100.0%,0,5.3%,136,20.7,2.6,2.4,0.1,0,0.0,0.01,-0.01,0.06,-10.4,0.79,,1.88
ronnie bell,WR,25,NOR,2,4,2,23,0.71,2,78,4787,1.63,2,1,50.0%,1,5.9%,22,10.3,5.2,4.0,1.1,1,0.5,0.29,0.21,0.02,-7.8,1.05,,2.0
grant dubose,WR,24,BUF,0,0,0,0,0.0,0,0,3492,0.0,0,0,,0,0.0%,0,0.0,0.0,0.0,0.0,0,0.0,0.0,0.0,0.0,-13.0,,,0.0
ashton dulin,WR,28,IND,12,10,5,106,1.89,5,158,4380,3.61,1,1,100.0%,0,2.5%,76,20.0,1.7,2.0,-0.3,0,0.0,0.06,-0.06,0.05,-11.3,1.39,,0.83
isaiah hodgins,WR,27,NYG,6,19,10,115,3.78,10,207,4473,4.63,4,1,25.0%,1,12.1%,207,27.5,4.6,5.7,-1.1,1,0.17,0.3,-0.14,0.09,-8.4,0.56,,3.17
mason kinsey,WR,27,TEN,6,4,2,48,0.75,3,92,4014,2.29,0,0,,0,0.0%,44,6.8,1.1,1.2,-0.1,0,0.0,0.04,-0.04,0.03,-11.9,1.09,,0.67
nikko remigio,WR,26,KAN,14,1,1,21,0.18,1,18,4533,0.4,0,0,,0,0.0%,8,4.2,0.3,0.2,0.1,0,0.0,0.0,0.0,0.01,-12.7,2.62,,0.07
xavier smith,WR,28,LAR,16,24,18,303,4.13,19,405,5428,7.46,3,3,100.0%,0,5.2%,150,48.3,3.0,2.7,0.3,0,0.0,0.06,-0.06,0.11,-10.0,2.02,,1.5
austin trammell,WR,27,JAX,6,10,3,46,1.83,4,130,4880,2.66,1,0,0.0%,0,2.0%,48,7.6,1.3,3.2,-1.9,0,0.0,0.13,-0.13,0.05,-11.7,0.96,,1.67
cody white,WR,27,SEA,8,4,3,90,0.88,3,39,3758,1.04,0,0,,0,0.0%,45,18.0,2.2,0.9,1.4,1,0.12,0.0,0.12,0.02,-10.8,2.0,,0.5
kristian wilkerson,WR,28,BUF,0,0,0,0,0.0,0,0,3492,0.0,0,0,,0,0.0%,0,0.0,0.0,0.0,0.0,0,0.0,0.0,0.0,0.0,-13.0,,,0.0
isaiah williams,WR,24,NYJ,15,36,26,193,7.63,29,122,3404,3.58,1,1,100.0%,0,3.6%,212,60.7,4.0,3.2,0.8,0,0.0,0.02,-0.02,0.14,-9.0,0.91,,2.4
javon baker,WR,23,SFO,0,0,0,0,0.0,0,0,4130,0.0,0,0,,0,0.0%,0,0.0,0.0,0.0,0.0,0,0.0,0.0,0.0,0.0,-13.0,,,0.0
chris blair,WR,28,ATL,1,0,0,0,0.0,0,0,4184,0.0,0,0,,0,0.0%,0,0.0,0.0,0.0,0.0,0,0.0,0.0,0.0,0.0,-13.0,,,0.0
robbie chosen,WR,32,WAS,3,9,5,53,2.08,5,131,3998,3.28,0,0,,0,0.0%,45,10.3,3.4,5.2,-1.7,0,0.0,0.13,-0.13,0.05,-9.6,1.18,,3.0
jaelon darden,WR,26,FA,0,0,0,0,0.0,0,0,0,0.0,0,0,,0,,0,0.0,0.0,0.0,0.0,0,0.0,0.0,0.0,0.0,-13.0,,,0.0
anthony gould,WR,24,IND,11,2,2,6,0.38,2,-2,4380,-0.05,0,0,,0,0.0%,31,2.6,0.2,0.2,0.0,0,0.0,0.0,0.0,0.01,-12.8,0.19,,0.18
jhaquan jackson,WR,25,NOR,0,0,0,0,0.0,0,0,4678,0.0,0,0,,0,0.0%,0,0.0,0.0,0.0,0.0,0,0.0,0.0,0.0,0.0,-13.0,,,0.0
brandon johnson,WR,22,PHI,2,0,0,0,0.0,0,0,4212,0.0,0,0,,0,0.0%,0,0.0,0.0,0.0,0.0,0,0.0,0.0,0.0,0.0,-13.0,,,0.0
collin johnson,WR,28,LVR,0,0,0,0,0.0,0,0,3199,0.0,0,0,,0,0.0%,0,0.0,0.0,0.0,0.0,0,0.0,0.0,0.0,0.0,-13.0,,,0.0
charlie jones,WR,27,CIN,14,1,0,0,0.16,0,42,4707,0.89,0,0,,0,0.0%,12,6.0,0.4,0.2,0.2,0,0.0,0.02,-0.02,0.01,-12.6,0.0,,0.07
velus jones,WR,28,SEA,5,0,0,0,0.0,0,0,3661,0.0,0,0,,0,0.0%,0,3.2,0.6,0.4,0.2,0,0.0,0.01,-0.01,0.0,-12.4,,,0.0
ramel keyton,WR,25,FA,0,0,0,0,0.0,0,0,0,0.0,0,0,,0,,0,0.0,0.0,0.0,0.0,0,0.0,0.0,0.0,0.0,-13.0,,,0.0
tay martin,WR,28,WAS,2,2,2,23,0.46,2,18,3998,0.45,0,0,,0,0.0%,15,4.3,2.1,1.6,0.6,0,0.0,0.01,-0.01,0.01,-10.8,1.53,,1.0
anthony miller,WR,31,BAL,0,0,0,0,0.0,0,0,3376,0.0,0,0,,0,0.0%,0,0.0,0.0,0.0,0.0,0,0.0,0.0,0.0,0.0,-13.0,,,0.0
kendric pryor,WR,27,CIN,0,0,0,0,0.0,0,0,4565,0.0,0,0,,0,0.0%,0,0.0,0.0,0.0,0.0,0,0.0,0.0,0.0,0.0,-13.0,,,0.0
john ross,WR,30,FA,0,0,0,0,0.0,0,0,0,0.0,0,0,,0,,0,0.0,0.0,0.0,0.0,0,0.0,0.0,0.0,0.0,-13.0,,,0.0
tyler scott,WR,24,LAR,0,0,0,0,0.0,0,0,5296,0.0,0,0,,0,0.0%,0,0.0,0.0,0.0,0.0,0,0.0,0.0,0.0,0.0,-13.0,,,0.0
tyrell shavers,WR,26,BUF,11,23,15,245,4.8,15,298,3614,8.25,0,0,,0,0.0%,209,45.5,4.1,3.5,0.6,1,0.09,0.06,0.03,0.13,-8.9,1.17,,2.09
trent taylor,WR,31,SFO,0,0,0,0,0.0,0,0,4130,0.0,0,0,,0,0.0%,0,0.0,0.0,0.0,0.0,0,0.0,0.0,0.0,0.0,-13.0,,,0.0
brycen tremayne,WR,26,CAR,15,18,14,160,3.75,14,157,3450,4.55,1,1,100.0%,0,2.5%,114,30.0,2.0,1.7,0.3,0,0.0,0.01,-0.01,0.09,-11.0,1.4,,1.2
devontez walker,WR,24,BAL,8,8,6,136,1.97,6,196,3422,5.73,1,1,100.0%,1,4.0%,61,37.6,4.7,2.3,2.4,3,0.38,0.15,0.22,0.07,-8.3,2.23,,1.0
casey washington,WR,24,ATL,5,14,6,94,2.7,7,262,4170,6.28,0,0,,0,0.0%,101,15.4,3.1,5.0,-2.0,0,0.0,0.06,-0.06,0.08,-9.9,0.93,,2.8
braxton berrios,WR,30,HOU,4,8,6,37,1.45,6,24,4765,0.5,2,2,100.0%,0,4.2%,42,9.7,2.4,2.9,-0.5,0,0.0,0.02,-0.02,0.03,-10.6,0.88,,2.0
irvin charles,WR,28,NYJ,0,0,0,0,0.0,0,0,3218,0.0,0,0,,0,0.0%,0,0.0,0.0,0.0,0.0,0,0.0,0.0,0.0,0.0,-13.0,,,0.0
erik ezukanma,WR,25,JAX,0,0,0,0,0.0,0,0,4879,0.0,0,0,,0,0.0%,0,0.0,0.0,0.0,0.0,0,0.0,0.0,0.0,0.0,-13.0,,,0.0
kameron johnson,WR,23,TAM,17,7,4,64,1.29,5,88,4504,1.95,0,0,,0,0.0%,43,17.7,1.0,0.8,0.2,1,0.06,0.01,0.05,0.03,-12.0,1.49,,0.41
tom kennedy,WR,29,DET,6,4,4,36,0.73,4,32,3732,0.86,0,0,,0,0.0%,30,7.6,1.3,1.0,0.3,0,0.0,0.01,-0.01,0.02,-11.7,1.2,,0.67
skyy moore,WR,25,SFO,17,7,5,87,1.27,5,110,4296,2.56,0,0,,0,0.0%,69,14.8,0.9,0.8,0.1,0,0.0,0.01,-0.01,0.04,-12.1,1.26,,0.41
justyn ross,WR,26,FA,0,0,0,0,0.0,0,0,0,0.0,0,0,,0,,0,0.0,0.0,0.0,0.0,0,0.0,0.0,0.0,0.0,-13.0,,,0.0
kadarius toney,WR,26,FA,0,0,0,0,0.0,0,0,0,0.0,0,0,,0,,0,0.0,0.0,0.0,0.0,0,0.0,0.0,0.0,0.0,-13.0,,,0.0
xavier weaver,WR,25,ARI,7,13,7,67,2.11,7,192,4660,4.12,3,2,66.7%,0,7.3%,199,13.7,2.0,3.4,-1.5,0,0.0,0.14,-0.14,0.06,-11.0,0.34,,1.86
dareke young,WR,26,SEA,8,3,2,48,0.66,2,57,3758,1.52,0,0,,0,0.0%,17,6.8,0.8,0.6,0.3,0,0.0,0.01,-0.01,0.02,-12.2,2.82,,0.38
Tetairoa McMillan,WR,22,CAR,17,122,70,1014,25.42,78,1410,3450,40.87,15,10,66.7%,4,37.5%,553,213.4,12.6,12.0,0.5,7,0.41,0.37,0.04,0.67,-0.4,1.83,,7.18
Emeka Egbuka,WR,23,TAM,17,127,63,938,23.48,72,1572,4504,34.9,14,5,35.7%,2,30.4%,540,195.7,11.5,14.0,-2.5,6,0.35,0.41,-0.05,0.6,-1.5,1.74,,7.47
Jayden Higgins,WR,23,HOU,17,68,41,525,12.3,44,839,4765,17.61,8,5,62.5%,4,16.7%,366,129.5,7.6,7.0,0.6,6,0.35,0.23,0.13,0.31,-5.4,1.43,,4.0
Chimere Dike,WR,24,TEN,17,74,48,423,13.96,50,599,4014,14.92,14,10,71.4%,3,50.0%,411,128.1,7.5,7.6,-0.1,4,0.24,0.26,-0.03,0.31,-5.5,1.03,,4.35
Luther Burden III,WR,22,CHI,15,60,47,652,11.28,51,460,4944,9.3,4,3,75.0%,0,9.5%,243,127.9,8.5,6.7,1.8,2,0.13,0.08,0.05,0.23,-4.5,2.68,,4.0
Elic Ayomanor,WR,22,TEN,16,89,41,515,16.79,46,1126,4014,28.05,8,5,62.5%,4,28.6%,503,116.5,7.3,8.7,-1.4,4,0.25,0.21,0.04,0.45,-5.7,1.02,,5.56
Tez Johnson,WR,23,TAM,15,44,28,322,8.13,30,516,4504,11.46,7,6,85.7%,3,15.2%,300,92.4,6.2,5.7,0.5,5,0.33,0.17,0.16,0.2,-6.8,1.07,,2.93
Isaac TeSlaa,WR,23,DET,14,27,16,239,4.91,16,352,3732,9.43,11,7,63.6%,6,19.3%,294,75.9,5.4,4.4,1.0,6,0.43,0.33,0.1,0.14,-7.6,0.81,,1.93
Pat Bryant,WR,23,DEN,13,49,31,378,8.39,34,410,4488,9.14,8,5,62.5%,0,15.4%,310,74.8,5.8,6.3,-0.5,1,0.08,0.15,-0.07,0.19,-7.2,1.22,,3.77
Matthew Golden,WR,22,GNB,14,44,29,361,9.57,30,552,4283,12.89,2,1,50.0%,0,5.4%,269,70.0,5.0,5.6,-0.6,0,0.0,0.12,-0.12,0.23,-8.0,1.34,,3.14
Tre Harris,WR,23,LAC,16,43,30,324,7.9,31,398,4546,8.75,5,3,60.0%,1,9.4%,294,69.4,4.3,4.3,0.0,1,0.06,0.09,-0.02,0.18,-8.7,1.1,,2.69
Jaylin Noel,WR,23,HOU,17,35,26,292,6.33,27,327,4765,6.86,5,2,40.0%,1,10.4%,203,68.4,4.0,3.6,0.4,2,0.12,0.11,0.01,0.14,-9.0,1.44,,2.06
Tory Horton,WR,23,SEA,8,22,13,161,4.84,13,337,3758,8.97,4,2,50.0%,2,11.4%,139,65.1,8.1,5.9,2.3,5,0.62,0.35,0.27,0.14,-4.9,1.16,,2.75
Isaiah Bond,WR,21,CLE,15,44,18,338,8.43,21,751,3785,19.84,4,1,25.0%,0,21.1%,344,54.7,3.6,4.9,-1.2,0,0.0,0.16,-0.16,0.27,-9.4,0.98,,2.93
Jaylin Lane,WR,23,WAS,15,32,16,225,7.41,17,427,3998,10.68,2,1,50.0%,0,6.2%,205,51.2,3.4,3.7,-0.3,0,0.0,0.09,-0.09,0.19,-9.6,1.1,,2.13
Kyle Williams,WR,23,NWE,14,21,10,209,4.36,11,400,4612,8.67,0,0,,0,0.0%,178,49.2,3.5,2.6,0.9,3,0.21,0.06,0.16,0.13,-9.5,1.17,,1.5
David Sills,WR,30,ATL,12,36,18,191,6.94,23,404,4170,9.69,6,3,50.0%,2,18.2%,335,49.1,4.1,5.1,-1.0,2,0.17,0.14,0.03,0.17,-8.9,0.57,,3.0
Jack Bech,WR,23,LVR,14,29,20,224,5.87,21,240,3208,7.48,4,3,75.0%,0,16.7%,194,42.4,3.0,2.9,0.1,0,0.0,0.03,-0.03,0.14,-10.0,1.15,,2.07
Chris Moore,WR,32,WAS,10,23,11,207,5.32,14,332,3998,8.3,2,0,0.0%,0,6.2%,233,38.6,3.9,4.2,-0.3,1,0.1,0.14,-0.04,0.14,-9.1,0.89,,2.3
Roman Wilson,WR,24,PIT,9,21,12,166,4.02,12,277,3280,8.45,1,0,0.0%,0,3.6%,138,38.6,4.3,3.7,0.6,2,0.22,0.08,0.14,0.12,-8.7,1.2,,2.33
Hunter Renfrow,WR,30,CAR,6,26,15,89,5.42,15,194,3450,5.62,6,5,83.3%,2,15.0%,149,35.9,6.0,7.2,-1.2,2,0.33,0.26,0.07,0.12,-7.0,0.6,,4.33
Gunner Olszewski,WR,29,NYG,16,13,10,145,2.58,10,130,4473,2.91,2,0,0.0%,0,6.1%,71,35.8,2.2,1.5,0.8,1,0.06,0.07,-0.01,0.06,-10.8,2.04,,0.81
Mitchell Tinsley,WR,26,CIN,8,24,8,116,3.95,9,354,4707,7.52,5,2,40.0%,2,10.2%,149,31.6,4.0,5.6,-1.6,2,0.25,0.26,-0.01,0.11,-9.1,0.78,,3.0
Jimmy Horn Jr.,WR,23,CAR,10,15,11,108,3.12,12,90,3450,2.61,3,1,33.3%,0,7.5%,81,28.7,2.9,2.7,0.2,0,0.0,0.03,-0.03,0.07,-10.1,1.33,,1.5
Jahdae Walker,WR,23,CHI,6,10,6,87,1.88,7,130,4944,2.63,2,1,50.0%,1,4.8%,64,26.7,4.5,3.5,1.0,2,0.33,0.2,0.13,0.05,-8.6,1.36,,1.67
Theo Wease Jr.,WR,24,MIA,3,10,6,139,2.16,6,137,3362,4.07,1,0,0.0%,0,3.2%,39,25.9,8.6,5.7,2.9,1,0.33,0.13,0.2,0.06,-4.4,3.56,,3.33
Savion Williams,WR,24,GNB,12,10,10,78,2.17,10,17,4283,0.4,4,4,100.0%,1,10.8%,43,25.5,2.1,1.9,0.2,1,0.08,0.05,0.04,0.04,-10.9,1.81,,0.83
Konata Mumpfield,WR,23,LAR,10,23,10,92,3.96,12,296,5428,5.45,4,3,75.0%,1,6.9%,177,25.2,2.5,4.0,-1.5,1,0.1,0.1,0.0,0.1,-10.5,0.52,,2.3
Dont'e Thornton Jr.,WR,23,LVR,11,30,10,135,6.07,13,497,3208,15.49,2,1,50.0%,0,8.3%,252,23.5,2.1,4.7,-2.5,0,0.0,0.09,-0.09,0.2,-10.9,0.54,,2.73
Darius Cooper,WR,24,PHI,6,11,9,92,2.37,9,109,4483,2.43,0,0,,0,0.0%,103,18.2,3.0,3.0,0.1,0,0.0,0.05,-0.05,0.05,-10.0,0.89,,1.83
Efton Chism III,WR,24,NWE,8,3,3,75,0.62,3,35,4612,0.76,1,1,100.0%,1,3.4%,34,16.5,2.1,0.8,1.3,1,0.12,0.05,0.08,0.01,-10.9,2.21,,0.38
KeAndre Lambert-Smith,WR,24,LAC,10,12,5,51,2.21,5,211,4546,4.64,2,2,100.0%,1,3.8%,77,16.1,1.6,2.0,-0.4,1,0.1,0.07,0.03,0.07,-11.4,0.66,,1.2
Shedrick Jackson,WR,26,LVR,3,5,4,56,1.01,4,81,3208,2.52,0,0,,0,0.0%,18,15.9,5.3,2.9,2.4,1,0.33,0.1,0.23,0.03,-7.7,3.11,,1.67
Michael Bandy,WR,28,DEN,4,4,4,50,0.68,4,24,4488,0.53,1,1,100.0%,1,1.9%,13,15.0,3.8,1.4,2.4,1,0.25,0.01,0.24,0.01,-9.2,3.85,,1.0
Gage Larvadain,WR,22,CLE,13,14,7,71,2.68,9,125,3785,3.3,0,0,,0,0.0%,132,14.4,1.1,1.5,-0.4,0,0.0,0.02,-0.02,0.06,-11.9,0.54,,1.08
Arian Smith,WR,24,NYJ,13,16,7,52,3.39,8,216,3404,6.35,0,0,,0,0.0%,246,13.5,1.0,1.9,-0.9,0,0.0,0.04,-0.04,0.1,-12.0,0.21,,1.23
Dylan Drummond,WR,25,ATL,6,11,7,42,2.12,7,85,4170,2.04,3,1,33.3%,0,9.1%,77,11.2,1.9,3.2,-1.3,0,0.0,0.12,-0.12,0.05,-11.1,0.55,,1.83
Xavier Restrepo,WR,23,TEN,2,7,3,41,1.32,3,77,4014,1.92,1,1,100.0%,0,3.6%,22,7.1,3.5,5.8,-2.3,0,0.0,0.24,-0.24,0.03,-9.4,1.86,,3.5
Tai Felton,WR,22,MIN,12,3,3,25,0.64,3,11,3757,0.29,0,0,,0,0.0%,21,5.5,0.5,0.4,0.1,0,0.0,0.0,0.0,0.01,-12.5,1.19,,0.25
Tahj Washington,WR,24,MIA,2,5,3,37,1.08,3,124,3362,3.69,1,1,100.0%,0,3.2%,37,4.7,2.4,4.3,-1.9,0,0.0,0.07,-0.07,0.04,-10.7,1.0,,2.5
Jordan Watkins,WR,23,SFO,2,3,2,26,0.55,2,43,4296,1.0,0,0,,0,0.0%,15,4.6,2.3,2.7,-0.4,0,0.0,0.01,-0.01,0.02,-10.7,1.73,,1.5
Beaux Collins,WR,23,NYG,4,6,2,25,1.19,2,73,4473,1.63,1,0,0.0%,0,3.0%,49,4.5,1.1,2.6,-1.5,0,0.0,0.14,-0.14,0.03,-11.9,0.51,,1.5
Jared Wayne,WR,25,HOU,1,2,2,20,0.36,2,17,4765,0.36,0,0,,0,0.0%,15,4.0,4.0,3.5,0.5,0,0.0,0.02,-0.02,0.01,-9.0,1.33,,2.0
Quentin Skinner,WR,24,NYJ,1,1,1,10,0.21,1,4,3404,0.12,0,0,,0,0.0%,10,4.0,4.0,1.8,2.2,0,0.0,0.01,-0.01,0.0,-9.0,1.0,,1.0
Jacoby Jones,WR,24,WAS,1,1,1,25,0.23,1,3,3998,0.08,0,0,,0,0.0%,3,3.5,3.5,1.3,2.2,0,0.0,0.0,0.0,0.0,-9.5,8.33,,1.0
Jakobie Keeney-James,WR,25,GNB,1,2,2,15,0.43,2,15,4283,0.35,0,0,,0,0.0%,16,3.5,3.5,2.6,0.9,0,0.0,0.0,0.0,0.01,-9.5,0.94,,2.0
Andre Baccellia,WR,28,ARI,4,4,2,8,0.65,3,7,4660,0.15,2,1,50.0%,0,4.9%,71,2.8,0.7,1.5,-0.8,0,0.0,0.03,-0.03,0.01,-12.3,0.11,,1.0
Ke'Shawn Williams,WR,24,CIN,11,1,1,5,0.19,1,5,3280,0.15,0,0,,0,0.0%,13,2.5,0.2,0.3,-0.1,0,0.0,0.01,-0.01,0.0,-12.8,0.38,,0.09
Jalen Royals,WR,22,KAN,2,3,2,4,0.55,2,22,4533,0.49,0,0,,0,0.0%,36,2.4,1.2,2.7,-1.5,0,0.0,0.15,-0.15,0.01,-11.8,0.11,,1.5
Samori Toure,WR,27,NOR,1,3,1,3,0.53,1,30,4787,0.63,1,0,0.0%,0,2.9%,8,1.3,1.3,4.6,-3.3,0,0.0,0.03,-0.03,0.01,-11.7,0.38,,3.0
Malik Cunningham,WR,27,DET,1,0,0,0,0.0,0,0,3673,0.0,0,0,,0,0.0%,0,0.1,0.1,0.7,-0.6,0,0.0,0.01,-0.01,0.0,-12.9,,,0.0
Coleman Owen,WR,24,IND,2,1,0,0,0.19,1,2,4380,0.05,0,0,,0,0.0%,1,0.0,0.0,0.7,-0.7,0,0.0,0.0,0.0,0.0,-13.0,0.0,,0.5
Dalen Cambre,WR,24,NYG,3,0,0,0,0.0,0,0,4312,0.0,0,0,,0,0.0%,0,0.0,0.0,0.0,0.0,0,0.0,0.0,0.0,0.0,-13.0,,,0.0
Dalevon Campbell,WR,24,CAR,1,0,0,0,0.0,0,0,3259,0.0,0,0,,0,0.0%,0,0.0,0.0,0.0,0.0,0,0.0,0.0,0.0,0.0,-13.0,,,0.0
Dominic Lovett,WR,23,DET,2,0,0,0,0.0,0,0,3673,0.0,0,0,,0,0.0%,0,0.0,0.0,0.0,0.0,0,0.0,0.0,0.0,0.0,-13.0,,,0.0
Jalen Moreno-Cropper,WR,24,DAL,2,0,0,0,0.0,0,0,4925,0.0,0,0,,0,0.0%,0,0.0,0.0,0.0,0.0,0,0.0,0.0,0.0,0.0,-13.0,,,0.0
Jamal Agnew,WR,30,ATL,11,0,0,0,0.0,0,0,4184,0.0,0,0,,0,0.0%,0,0.0,0.0,0.0,0.0,0,0.0,0.0,0.0,0.0,-13.0,,,0.0
Jason Brownlee,WR,26,KAN,3,1,0,0,0.18,0,9,4533,0.2,1,0,0.0%,0,2.1%,16,0.0,0.0,0.8,-0.8,0,0.0,0.11,-0.11,0.0,-13.0,0.0,,0.33
Jeshaun Jones,WR,26,MIN,1,0,0,0,0.0,0,0,3726,0.0,0,0,,0,0.0%,0,0.0,0.0,0.0,0.0,0,0.0,0.0,0.0,0.0,-13.0,,,0.0
Kaden Davis,WR,27,CLE,1,0,0,0,0.0,0,0,3591,0.0,0,0,,0,0.0%,0,0.0,0.0,0.0,0.0,0,0.0,0.0,0.0,0.0,-13.0,,,0.0
LaJohntay Wester,WR,23,BAL,14,0,0,0,0.0,0,0,3376,0.0,0,0,,0,0.0%,0,0.0,0.0,0.0,0.0,0,0.0,0.0,0.0,0.0,-13.0,,,0.0
Laquon Treadwell,WR,30,IND,6,0,0,0,0.0,0,0,4275,0.0,0,0,,0,0.0%,0,0.0,0.0,0.0,0.0,0,0.0,0.0,0.0,0.0,-13.0,,,0.0
Malik Turner,WR,29,SFO,2,1,0,0,0.18,0,-5,4296,-0.12,0,0,,0,0.0%,0,0.0,0.0,0.7,-0.7,0,0.0,0.01,-0.01,0.0,-13.0,,,0.5
Myles Price,WR,24,MIN,16,0,0,0,0.0,0,0,3726,0.0,0,0,,0,0.0%,0,0.0,0.0,0.0,0.0,0,0.0,0.0,0.0,0.0,-13.0,,,0.0
Steven Sims,WR,28,ARI,3,1,0,0,0.16,1,2,4660,0.04,0,0,,0,0.0%,4,0.0,0.0,0.5,-0.5,0,0.0,0.0,0.0,0.0,-13.0,0.0,,0.33
Brock Bowers,TE,23,LVR,12,86,64,680,17.41,68,560,3208,17.46,17,10,58.8%,6,70.8%,402,176.2,14.7,12.5,2.2,7,0.58,0.5,0.08,0.38,6.2,1.69,,7.17
Trey McBride,TE,26,ARI,17,169,126,1239,27.39,128,1126,4660,24.16,33,20,60.6%,11,82.5%,699,315.9,18.6,17.8,0.8,11,0.65,0.64,0.01,0.58,10.1,1.77,,9.94
George Kittle,TE,32,SFO,11,69,57,628,12.55,58,460,4296,10.71,13,12,92.3%,6,54.2%,292,161.5,14.7,11.4,3.3,7,0.64,0.43,0.2,0.26,6.2,2.15,,6.27
Jonnu Smith,TE,30,PIT,17,54,38,222,10.34,40,234,3280,7.13,7,5,71.4%,2,29.2%,290,85.2,5.0,5.7,-0.7,2,0.18,0.15,0.02,0.21,-3.5,0.77,,3.18
T.J. Hockenson,TE,28,MIN,15,66,51,438,14.1,54,329,3757,8.76,11,8,72.7%,3,61.1%,429,112.8,7.5,7.2,0.3,3,0.2,0.22,-0.02,0.27,-1.0,1.02,,4.4
Sam LaPorta,TE,24,DET,9,49,40,489,8.91,40,277,3732,7.42,6,4,66.7%,2,37.5%,249,106.9,11.9,8.9,3.0,3,0.33,0.15,0.18,0.19,3.4,1.96,,5.44
Travis Kelce,TE,36,KAN,17,108,76,851,19.67,83,735,4533,16.21,12,9,75.0%,3,85.7%,586,193.2,11.4,10.5,0.9,5,0.29,0.24,0.05,0.41,2.9,1.45,,6.35
Hunter Henry,TE,31,NWE,17,87,60,768,18.05,63,710,4612,15.39,22,14,63.6%,5,81.5%,466,178.8,10.5,9.9,0.6,7,0.41,0.43,-0.01,0.38,2.0,1.65,,5.12
Evan Engram,TE,31,DEN,16,76,50,461,13.01,58,331,4488,7.38,10,7,70.0%,1,76.9%,368,102.8,6.4,7.3,-0.9,1,0.06,0.12,-0.06,0.25,-2.1,1.25,,4.75
Isaiah Likely,TE,25,BAL,12,36,27,307,8.85,28,287,3422,8.39,6,2,33.3%,1,24.0%,241,61.7,5.1,5.1,0.1,1,0.08,0.16,-0.08,0.19,-3.4,1.27,,3.0
Dallas Goedert,TE,30,PHI,15,82,60,591,17.67,64,583,4483,13.0,15,13,86.7%,10,78.9%,431,185.1,12.3,9.9,2.4,11,0.73,0.37,0.37,0.36,3.8,1.37,,5.47
Will Dissly,TE,29,LAC,8,16,11,97,2.94,12,72,4546,1.58,1,1,100.0%,0,6.2%,92,20.7,2.6,2.9,-0.3,0,0.0,0.01,-0.01,0.06,-5.9,1.05,,2.0
Mark Andrews,TE,30,BAL,17,70,48,422,17.2,51,508,3422,14.85,15,6,40.0%,4,60.0%,351,131.0,7.7,8.3,-0.6,5,0.35,0.42,-0.06,0.36,-0.8,1.2,,4.12
Dalton Schultz,TE,29,HOU,17,106,82,777,19.17,84,659,4765,13.83,11,5,45.5%,3,78.6%,507,177.7,10.5,10.2,0.3,3,0.18,0.26,-0.09,0.38,2.0,1.53,,6.24
Tucker Kraft,TE,25,GNB,8,44,32,489,9.57,35,201,4283,4.69,12,9,75.0%,5,63.2%,215,117.2,14.7,8.9,5.8,6,0.75,0.23,0.52,0.18,6.2,2.27,,5.5
Dalton Kincaid,TE,26,BUF,12,49,39,571,10.23,40,465,3614,12.87,8,6,75.0%,3,34.8%,206,126.1,10.5,7.9,2.6,5,0.42,0.25,0.16,0.24,2.0,2.77,,4.08
David Njoku,TE,29,CLE,11,48,33,293,9.2,34,253,3785,6.68,9,6,66.7%,4,45.0%,278,86.3,7.8,6.7,1.1,4,0.36,0.19,0.17,0.18,-0.7,1.05,,4.36
Cade Otton,TE,26,TAM,15,81,59,572,14.97,60,419,4504,9.3,6,3,50.0%,1,75.0%,542,122.2,8.1,8.6,-0.4,1,0.07,0.12,-0.05,0.29,-0.4,1.06,,5.4
Jake Ferguson,TE,26,DAL,17,102,82,600,16.8,84,475,5069,9.37,24,15,62.5%,7,85.7%,502,188.1,11.1,11.8,-0.8,8,0.47,0.54,-0.07,0.32,2.6,1.2,,6.0
Noah Fant,TE,28,CIN,13,41,34,288,6.74,35,137,4707,2.91,4,2,50.0%,2,22.2%,218,74.8,5.8,5.2,0.5,3,0.23,0.17,0.07,0.12,-2.7,1.32,,3.15
Zach Ertz,TE,35,WAS,13,72,50,504,16.67,55,656,3998,16.41,8,6,75.0%,4,72.7%,373,126.4,9.7,9.6,0.1,4,0.31,0.25,0.06,0.36,1.2,1.35,,5.54
Mike Gesicki,TE,30,CIN,12,42,28,307,6.91,29,418,4707,8.88,7,3,42.9%,2,38.9%,253,70.7,5.9,6.6,-0.7,2,0.17,0.27,-0.11,0.17,-2.6,1.21,,3.5
Kyle Pitts,TE,25,ATL,17,118,88,928,22.74,90,869,4170,20.84,12,7,58.3%,5,92.3%,549,210.8,12.4,11.2,1.2,5,0.29,0.2,0.09,0.49,3.9,1.69,,6.94
Tyler Conklin,TE,30,LAC,6,10,7,101,1.84,9,45,4546,0.99,0,0,,0,0.0%,88,17.3,2.9,2.6,0.3,0,0.0,0.02,-0.02,0.03,-5.6,1.15,,1.67
Juwan Johnson,TE,29,NOR,17,102,77,889,18.05,83,773,4787,16.15,8,5,62.5%,2,80.0%,534,179.9,10.6,9.1,1.5,3,0.18,0.12,0.05,0.38,2.1,1.66,,6.0
Pat Freiermuth,TE,27,PIT,15,54,41,486,10.34,41,323,3280,9.85,9,5,55.6%,3,37.5%,316,113.6,7.6,5.9,1.7,4,0.27,0.18,0.09,0.22,-0.9,1.54,,3.6
Cole Kmet,TE,26,CHI,16,48,30,347,9.02,32,421,4944,8.52,6,3,50.0%,1,30.0%,350,78.7,4.9,5.3,-0.4,2,0.12,0.12,0.0,0.19,-3.6,0.99,,3.0
Tyler Warren,TE,23,IND,17,112,76,817,21.13,78,602,4380,13.74,21,11,52.4%,4,72.4%,516,188.5,11.1,12.6,-1.5,4,0.29,0.51,-0.21,0.41,2.6,1.58,,6.59
Harold Fannin Jr.,TE,21,CLE,16,107,72,731,20.5,76,646,3785,17.07,10,7,70.0%,4,50.0%,442,186.4,11.7,9.9,1.7,6,0.44,0.21,0.23,0.43,3.2,1.65,,6.69
Colston Loveland,TE,21,CHI,16,82,58,713,15.41,59,746,4944,15.09,14,10,71.4%,4,70.0%,391,165.1,10.3,9.6,0.7,6,0.38,0.31,0.06,0.34,1.8,1.82,,5.12
AJ Barner,TE,23,SEA,17,68,52,519,14.95,54,297,3758,7.9,13,10,76.9%,5,59.1%,368,147.3,8.7,7.4,1.3,6,0.41,0.3,0.12,0.28,0.2,1.41,,4.0
Oronde Gadsden II,TE,22,LAC,15,69,49,664,12.68,55,624,4546,13.73,15,7,46.7%,3,93.8%,404,131.4,8.8,8.1,0.6,3,0.2,0.28,-0.08,0.29,0.3,1.64,,4.6
Colby Parkinson,TE,26,LAR,14,56,43,408,9.64,46,248,5428,4.57,22,15,68.2%,6,55.0%,253,129.8,9.3,8.6,0.6,8,0.57,0.51,0.06,0.18,0.8,1.61,,4.0
Theo Johnson,TE,24,NYG,15,74,45,528,14.71,50,616,4473,13.77,14,6,42.9%,4,66.7%,441,127.8,8.5,8.5,0.1,5,0.33,0.31,0.02,0.32,0.0,1.2,,4.93
Chig Okonkwo,TE,26,TEN,17,79,56,560,14.91,61,366,4014,9.12,5,3,60.0%,1,35.7%,420,124.0,7.3,6.7,0.6,2,0.12,0.07,0.05,0.29,-1.2,1.33,,4.65
Brenton Strange,TE,25,JAX,12,60,46,540,10.97,50,414,4880,8.48,10,6,60.0%,2,58.8%,320,118.0,9.8,8.6,1.2,3,0.25,0.2,0.05,0.22,1.3,1.69,,5.0
Dawson Knox,TE,29,BUF,16,49,36,417,10.23,38,329,3614,9.1,12,7,58.3%,4,52.2%,317,103.7,6.5,6.1,0.4,4,0.25,0.27,-0.02,0.22,-2.0,1.32,,3.06
Jake Tonges,TE,26,SFO,10,46,34,293,8.36,34,233,4296,5.42,7,6,85.7%,4,29.2%,233,93.3,9.3,7.9,1.4,5,0.5,0.28,0.22,0.16,0.8,1.26,,4.6
Gunnar Helm,TE,23,TEN,16,55,44,357,10.38,46,303,4014,7.55,8,5,62.5%,1,57.1%,248,91.7,5.7,5.4,0.3,2,0.12,0.15,-0.02,0.21,-2.8,1.44,,3.44
Mason Taylor,TE,21,NYJ,13,65,44,369,13.77,52,375,3404,11.02,8,7,87.5%,1,66.7%,360,88.9,6.8,7.6,-0.8,1,0.08,0.13,-0.05,0.28,-1.7,1.02,,5.0
Darren Waller,TE,33,MIA,9,34,24,283,7.36,24,359,3362,10.68,7,6,85.7%,6,36.8%,165,88.7,9.9,7.6,2.3,6,0.67,0.38,0.29,0.19,1.4,1.72,,3.78
Michael Mayer,TE,24,LVR,13,50,35,328,10.12,36,240,3208,7.48,6,5,83.3%,1,25.0%,225,73.8,5.7,5.8,-0.1,1,0.08,0.11,-0.03,0.2,-2.8,1.46,,3.85
Darnell Washington,TE,24,PIT,13,43,31,364,8.24,35,242,3280,7.38,8,6,75.0%,1,33.3%,217,73.4,5.6,6.0,-0.3,1,0.08,0.19,-0.11,0.18,-2.9,1.68,,3.31
Tyler Higbee,TE,32,LAR,10,36,25,281,6.2,28,118,5428,2.17,8,6,75.0%,2,20.0%,191,71.1,7.1,5.9,1.2,3,0.3,0.21,0.09,0.11,-1.4,1.47,,3.6
Tommy Tremble,TE,25,CAR,15,37,27,249,7.71,29,163,3450,4.72,5,4,80.0%,2,26.3%,275,63.9,4.3,3.8,0.5,2,0.13,0.07,0.06,0.15,-4.2,0.91,,2.47
Davis Allen,TE,24,LAR,15,33,24,208,5.68,27,130,5428,2.39,7,5,71.4%,3,17.5%,197,62.8,4.2,4.2,0.0,3,0.2,0.19,0.01,0.1,-4.3,1.06,,2.2
Greg Dulcich,TE,25,MIA,9,33,26,335,7.14,26,155,3362,4.61,6,3,50.0%,1,31.6%,148,62.8,7.0,6.6,0.4,1,0.11,0.2,-0.09,0.14,-1.5,2.26,,3.67
Daniel Bellinger,TE,25,NYG,13,26,19,286,5.17,20,244,4473,5.45,6,4,66.7%,0,28.6%,218,59.6,4.6,3.8,0.8,2,0.15,0.15,0.0,0.12,-3.9,1.31,,2.0
Austin Hooper,TE,31,NWE,13,26,21,263,5.39,21,234,4612,5.07,5,4,80.0%,2,18.5%,197,59.3,4.6,4.0,0.6,2,0.15,0.17,-0.02,0.12,-3.9,1.34,,2.0
Elijah Higgins,TE,25,ARI,17,37,30,301,6.0,30,148,4660,3.18,5,2,40.0%,0,12.5%,300,58.1,3.4,3.4,0.0,0,0.0,0.06,-0.06,0.11,-5.1,1.0,,2.18
Josh Oliver,TE,28,MIN,12,19,15,160,4.06,15,64,3757,1.7,6,5,83.3%,3,33.3%,121,55.0,4.6,2.8,1.8,4,0.33,0.11,0.22,0.07,-3.9,1.32,,1.58
Ja'Tavion Sanders,TE,22,CAR,12,34,29,190,7.08,30,164,3450,4.75,10,8,80.0%,1,52.6%,232,54.0,4.5,4.7,-0.2,1,0.08,0.14,-0.06,0.14,-4.0,0.82,,2.83
Jackson Hawes,TE,25,BUF,13,19,16,187,3.97,18,139,3614,3.85,3,3,100.0%,2,13.0%,102,52.7,4.1,3.0,1.1,3,0.23,0.13,0.1,0.09,-4.4,1.83,,1.46
Terrance Ferguson,TE,22,LAR,11,25,11,231,4.3,11,466,5428,8.59,3,1,33.3%,1,7.5%,169,52.1,4.7,5.4,-0.7,3,0.27,0.31,-0.04,0.12,-3.8,1.37,,2.27
Luke Musgrave,TE,25,GNB,13,31,24,252,6.74,25,266,4283,6.21,1,0,0.0%,0,5.3%,221,49.2,3.8,3.7,0.1,0,0.0,0.02,-0.02,0.14,-4.7,1.14,,2.38
Mitchell Evans,TE,22,CAR,14,25,19,171,5.21,20,91,3450,2.64,4,2,50.0%,2,21.1%,132,48.2,3.4,3.2,0.2,2,0.14,0.12,0.02,0.1,-5.1,1.3,,1.79
Tanner Hudson,TE,31,CIN,10,24,19,168,3.95,19,119,4707,2.53,6,3,50.0%,2,33.3%,112,47.8,4.8,4.1,0.6,2,0.2,0.17,0.03,0.08,-3.7,1.5,,2.4
Jeremy Ruckert,TE,25,NYJ,14,29,23,179,6.14,24,102,3404,3.0,3,1,33.3%,1,25.0%,196,46.9,3.4,3.0,0.3,1,0.07,0.06,0.01,0.11,-5.2,0.91,,2.07
Adam Trautman,TE,28,DEN,13,23,20,195,3.94,21,106,4488,2.36,1,1,100.0%,1,7.7%,223,45.5,3.5,2.9,0.6,1,0.08,0.05,0.02,0.08,-5.0,0.87,,1.77
Taysom Hill,TE,35,NOR,13,16,11,91,2.83,14,54,4787,1.13,0,0,,0,0.0%,83,41.8,3.2,5.4,-2.1,0,0.08,0.38,-0.3,0.05,-5.3,1.1,,1.23
Noah Gray,TE,26,KAN,14,37,21,178,6.74,24,239,4533,5.27,2,1,50.0%,0,14.3%,260,38.8,2.8,4.2,-1.5,0,0.0,0.06,-0.06,0.14,-5.7,0.68,,2.64
Elijah Arroyo,TE,22,SEA,13,26,15,179,5.71,16,220,3758,5.85,5,2,40.0%,0,22.7%,160,36.9,2.8,3.9,-1.1,1,0.08,0.14,-0.06,0.13,-5.7,1.12,,2.0
Brock Wright,TE,27,DET,8,22,14,108,4.0,14,22,3732,0.59,2,2,100.0%,2,12.5%,133,36.8,4.6,4.7,-0.1,2,0.25,0.12,0.13,0.06,-3.9,0.81,,2.75
Charlie Kolar,TE,26,BAL,13,15,10,142,3.69,10,106,3422,3.1,3,2,66.7%,2,12.0%,101,36.2,2.8,2.3,0.5,2,0.15,0.06,0.09,0.08,-5.7,1.41,,1.15
Hunter Long,TE,27,JAX,7,17,12,85,3.11,16,66,4880,1.35,4,3,75.0%,2,23.5%,130,32.5,4.6,4.5,0.1,2,0.29,0.23,0.05,0.06,-3.9,0.65,,2.43
Drew Sample,TE,29,CIN,12,20,15,106,3.29,15,-7,4707,-0.15,1,1,100.0%,1,5.6%,228,31.9,2.7,2.4,0.2,1,0.08,0.03,0.05,0.05,-5.8,0.46,,1.67
Julian Hill,TE,25,MIA,11,20,15,140,4.33,16,66,3362,1.96,3,1,33.3%,0,15.8%,145,31.0,2.8,2.9,-0.1,0,0.0,0.05,-0.05,0.08,-5.7,0.97,,1.82
Mo Alie-Cox,TE,32,IND,11,20,13,117,3.77,14,93,4380,2.12,6,5,83.3%,1,20.7%,121,30.7,2.8,3.4,-0.6,1,0.09,0.14,-0.05,0.07,-5.7,0.97,,1.82
Luke Farrell,TE,28,SFO,13,14,11,85,2.55,11,41,4296,0.95,4,3,75.0%,2,16.7%,128,29.5,2.3,1.9,0.4,2,0.15,0.08,0.08,0.04,-6.2,0.66,,1.08
Ben Sinnott,TE,23,WAS,9,13,11,114,3.01,11,106,3998,2.65,1,1,100.0%,1,9.1%,105,28.4,3.2,2.2,0.9,1,0.11,0.04,0.07,0.06,-5.3,1.09,,1.44
John Bates,TE,28,WAS,10,16,11,103,3.7,12,48,3998,1.2,2,1,50.0%,1,18.2%,138,27.3,2.7,2.8,-0.1,1,0.1,0.1,0.01,0.06,-5.8,0.75,,1.6
Luke Schoonmaker,TE,27,DAL,14,23,14,132,3.79,15,165,5069,3.26,2,1,50.0%,0,7.1%,140,27.2,1.9,2.6,-0.7,0,0.0,0.04,-0.04,0.08,-6.6,0.94,,1.64
John FitzPatrick,TE,25,GNB,11,15,12,72,3.26,14,24,4283,0.56,4,2,50.0%,1,21.1%,121,25.2,2.3,2.5,-0.2,1,0.09,0.12,-0.03,0.05,-6.2,0.6,,1.36
Ian Thomas,TE,29,LVR,9,13,13,114,2.63,13,42,3208,1.31,0,0,,0,0.0%,91,24.4,2.7,2.0,0.7,0,0.0,0.01,-0.01,0.05,-5.8,1.25,,1.44
Brevyn Spann-Ford,TE,26,DAL,16,13,9,90,2.14,9,107,5069,2.11,2,2,100.0%,1,7.1%,70,24.0,1.5,1.5,0.0,1,0.06,0.04,0.02,0.05,-7.0,1.29,,0.81
Grant Calcaterra,TE,27,PHI,9,13,9,76,2.8,9,85,4483,1.9,3,2,66.7%,1,15.8%,121,22.6,2.5,2.5,0.0,1,0.11,0.1,0.01,0.06,-6.0,0.63,,1.44
Johnny Mundt,TE,31,JAX,12,19,9,111,3.47,12,100,4880,2.05,1,0,0.0%,0,5.9%,136,20.1,1.7,2.4,-0.8,0,0.0,0.02,-0.02,0.07,-6.8,0.82,,1.58
Cade Stover,TE,25,HOU,6,16,12,76,2.89,13,31,4765,0.65,3,3,100.0%,0,21.4%,71,19.9,3.3,4.5,-1.2,0,0.0,0.11,-0.11,0.05,-5.2,1.07,,2.67
Tanner Conner,TE,27,MIA,8,15,9,91,3.25,10,119,3362,3.54,3,1,33.3%,0,15.8%,117,18.1,2.3,3.1,-0.8,0,0.0,0.07,-0.07,0.07,-6.2,0.78,,1.88
Quintin Morris,TE,26,JAX,11,9,6,55,1.65,6,45,4880,0.92,2,1,50.0%,1,11.8%,71,17.5,1.6,1.7,-0.1,1,0.09,0.08,0.01,0.03,-6.9,0.77,,0.82
Nate Adkins,TE,26,DEN,6,11,6,48,1.88,9,35,4488,0.78,2,1,50.0%,1,15.4%,66,16.8,2.8,3.2,-0.4,1,0.17,0.12,0.04,0.03,-5.7,0.73,,1.83
Jack Stoll,TE,27,NOR,9,11,6,46,1.95,6,34,4787,0.71,1,1,100.0%,1,10.0%,52,16.6,1.8,1.8,0.1,1,0.11,0.04,0.07,0.03,-6.7,0.88,,1.22
Josh Whyle,TE,26,GNB,6,6,5,36,1.3,5,23,4283,0.54,1,1,100.0%,1,5.3%,73,14.6,2.4,2.0,0.5,1,0.17,0.1,0.06,0.02,-6.1,0.49,,1.0
Anthony Firkser,TE,30,DET,5,10,8,53,1.82,8,35,3732,0.94,3,3,100.0%,0,18.8%,106,13.3,2.7,3.3,-0.6,0,0.0,0.08,-0.08,0.03,-5.8,0.5,,2.0
David Martin-Robinson,TE,26,TEN,11,6,4,30,1.13,4,23,4014,0.57,1,1,100.0%,1,7.1%,32,13.0,1.2,1.0,0.2,1,0.09,0.05,0.04,0.02,-7.3,0.94,,0.55
Foster Moreau,TE,28,NOR,7,10,7,59,1.77,9,10,4787,0.21,1,1,100.0%,0,10.0%,72,12.9,1.8,1.9,-0.1,0,0.0,0.02,-0.02,0.03,-6.7,0.82,,1.43
Charlie Woerner,TE,28,ATL,7,9,8,48,1.73,8,12,4170,0.29,1,1,100.0%,0,7.7%,134,12.8,1.8,1.9,-0.1,0,0.0,0.01,-0.01,0.03,-6.7,0.36,,1.29
Andrew Ogletree,TE,27,IND,11,6,4,27,1.13,4,42,4380,0.96,2,2,100.0%,1,6.9%,59,12.7,1.2,1.1,0.1,1,0.09,0.05,0.05,0.02,-7.3,0.46,,0.55
Stone Smartt,TE,27,NYJ,6,9,7,52,1.91,7,42,3404,1.23,0,0,,0,0.0%,56,12.2,2.0,2.0,0.1,0,0.0,0.0,0.0,0.04,-6.5,0.93,,1.5
Josiah Deguara,TE,28,ARI,7,5,3,21,0.81,3,23,4660,0.49,1,1,100.0%,1,2.5%,60,11.1,1.6,1.2,0.4,1,0.14,0.04,0.1,0.02,-6.9,0.35,,0.71
Kylen Granson,TE,27,PHI,12,9,7,40,1.94,8,68,4483,1.52,1,1,100.0%,0,5.3%,88,11.0,0.9,1.1,-0.2,0,0.0,0.01,-0.01,0.04,-7.6,0.45,,0.75
Eric Saubert,TE,31,SEA,9,7,4,31,1.54,4,28,3758,0.75,3,2,66.7%,0,13.6%,70,9.1,1.0,1.7,-0.7,0,0.0,0.08,-0.08,0.03,-7.5,0.44,,0.78
Brenden Bates,TE,26,2TM,5,5,4,48,0.9,4,39,4765,0.82,1,0,0.0%,0,2.9%,31,8.8,1.8,1.8,-0.1,0,0.0,0.06,-0.06,0.02,-6.7,1.55,,1.0
Albert Okwuegbunam,TE,27,LVR,1,6,5,36,1.21,5,18,3208,0.56,1,0,0.0%,0,4.2%,24,8.6,8.6,9.8,-1.2,0,0.0,0.39,-0.39,0.02,0.1,1.5,,6.0
Devin Culp,TE,25,TAM,4,1,1,6,0.18,1,6,4504,0.13,1,1,100.0%,1,12.5%,25,7.6,1.9,1.0,0.9,1,0.25,0.13,0.12,0.0,-6.6,0.24,,0.25
Keleki Latu,TE,23,BUF,3,4,4,35,0.84,4,12,3614,0.33,0,0,,0,0.0%,41,7.5,2.5,1.9,0.6,0,0.0,0.01,-0.01,0.01,-6.0,0.85,,1.33
Durham Smythe,TE,30,CHI,7,6,4,25,1.13,5,24,4944,0.49,0,0,,0,0.0%,80,6.5,0.9,1.4,-0.5,0,0.0,0.01,-0.01,0.02,-7.6,0.31,,0.86
Ben Sims,TE,25,MIN,3,6,3,30,1.28,3,73,3757,1.94,1,0,0.0%,0,5.6%,34,6.0,2.0,3.4,-1.4,0,0.0,0.09,-0.09,0.03,-6.5,0.88,,2.0
James Mitchell,TE,26,CAR,2,3,3,28,0.62,3,7,3450,0.2,0,0,,0,0.0%,12,5.8,2.9,2.1,0.8,0,0.0,0.0,0.0,0.01,-5.6,2.33,,1.5
Shane Zylstra,TE,29,DET,1,5,3,20,0.91,3,37,3732,0.99,1,0,0.0%,0,6.2%,82,5.0,5.0,10.8,-5.8,0,0.0,0.55,-0.55,0.02,-3.5,0.24,,5.0
Tip Reiman,TE,24,ARI,3,5,3,18,0.81,3,26,4660,0.56,0,0,,0,0.0%,35,4.8,1.6,2.5,-0.9,0,0.0,0.01,-0.01,0.02,-6.9,0.51,,1.67
Tucker Fisk,TE,26,LAC,4,4,2,19,0.74,3,22,4546,0.48,0,0,,0,0.0%,50,3.9,1.0,1.5,-0.5,0,0.0,0.03,-0.03,0.01,-7.5,0.38,,1.0
Colson Yankoff,TE,25,WAS,10,3,2,18,0.69,2,18,3998,0.45,0,0,,0,0.0%,42,3.8,0.4,0.4,0.0,0,0.0,0.0,0.0,0.01,-8.1,0.43,,0.3
Zaire Mitchell-Paden,TE,26,2TM,3,3,2,17,0.74,2,13,3422,0.38,1,0,0.0%,0,2.9%,9,3.7,1.2,2.5,-1.2,0,0.0,0.21,-0.21,0.01,-7.3,1.89,,1.0
Lucas Krull,TE,27,DEN,2,4,2,15,0.68,2,20,4488,0.45,0,0,,0,0.0%,32,3.5,1.8,3.0,-1.3,0,0.0,0.01,-0.01,0.01,-6.8,0.47,,2.0
Ben Yurosek,TE,23,MIN,6,3,2,14,0.64,2,11,3757,0.29,0,0,,0,0.0%,26,3.4,0.6,0.7,-0.2,0,0.0,0.0,0.0,0.01,-7.9,0.54,,0.5
Sal Cannella,TE,29,CLE,2,5,2,11,0.96,2,55,3785,1.45,0,0,,0,0.0%,20,3.1,1.6,3.7,-2.1,0,0.0,0.12,-0.12,0.02,-7.0,0.55,,2.5
Moliki Matavao,TE,22,NOR,1,2,2,10,0.35,2,5,4787,0.1,0,0,,0,0.0%,24,3.0,3.0,2.8,0.2,0,0.0,0.0,0.0,0.01,-5.5,0.42,,2.0
Cam Grandy,TE,26,CIN,2,2,2,7,0.33,2,-6,4707,-0.13,0,0,,0,0.0%,5,2.7,1.4,1.6,-0.2,0,0.0,0.03,-0.03,0.0,-7.2,1.4,,1.0
Harrison Bryant,TE,27,HOU,5,6,2,7,1.08,3,58,4765,1.22,0,0,,0,0.0%,53,2.7,0.5,2.1,-1.5,0,0.0,0.04,-0.04,0.02,-8.0,0.13,,1.2
Ross Dwelley,TE,30,DET,4,5,2,7,0.91,2,1,3732,0.03,3,1,33.3%,0,18.8%,35,2.7,0.7,3.1,-2.4,0,0.0,0.27,-0.27,0.01,-7.8,0.2,,1.25
Will Mallory,TE,26,IND,1,1,1,16,0.19,1,16,4380,0.37,0,0,,0,0.0%,7,2.6,2.6,2.2,0.4,0,0.0,0.0,0.0,0.01,-5.9,2.29,,1.0
Blake Whiteheart,TE,25,CLE,9,6,2,4,1.15,2,43,3785,1.14,0,0,,0,0.0%,102,2.4,0.3,1.0,-0.7,0,0.0,0.0,0.0,0.03,-8.2,0.04,,0.67
Payne Durham,TE,25,TAM,8,4,1,11,0.74,2,16,4504,0.36,1,0,0.0%,0,12.5%,71,2.1,0.3,0.9,-0.7,0,0.0,0.06,-0.06,0.01,-8.2,0.15,,0.5
Pharaoh Brown,TE,31,ARI,5,2,2,1,0.32,2,1,4660,0.02,1,1,100.0%,0,2.5%,22,2.1,0.4,1.1,-0.7,0,0.0,0.11,-0.11,0.01,-8.1,0.05,,0.4
Chris Manhertz,TE,33,NYG,4,2,1,7,0.4,1,11,4473,0.25,1,0,0.0%,0,4.8%,18,1.7,0.4,0.9,-0.5,0,0.0,0.05,-0.05,0.01,-8.1,0.39,,0.5
Jared Wiley,TE,25,KAN,2,1,1,4,0.18,1,-4,4533,-0.09,0,0,,0,0.0%,11,1.4,0.7,0.8,-0.1,0,0.0,0.01,-0.01,0.0,-7.8,0.36,,0.5
Jelani Woods,TE,27,NYJ,2,3,1,4,0.64,1,6,3404,0.18,1,0,0.0%,0,8.3%,19,1.4,0.7,2.0,-1.3,0,0.0,0.03,-0.03,0.01,-7.8,0.21,,1.5
Carter Runyon,TE,24,LVR,3,1,1,3,0.2,1,-3,3208,-0.09,0,0,,0,0.0%,8,1.3,0.4,0.5,0.0,0,0.0,0.0,0.0,0.0,-8.1,0.38,,0.33
Drake Dabney,TE,23,GNB,1,2,1,3,0.43,1,10,4283,0.23,1,0,0.0%,0,5.3%,10,1.3,1.3,3.3,-2.0,0,0.0,0.18,-0.18,0.01,-7.2,0.3,,2.0
Robert Tonyan,TE,31,KAN,2,1,1,1,0.18,1,1,4533,0.02,0,0,,0,0.0%,37,1.1,0.6,0.7,-0.1,0,0.0,0.01,-0.01,0.0,-8.0,0.03,,0.5
Feleipe Franks,TE,28,ATL,10,0,0,0,0.0,0,0,4184,0.0,0,0,,0,0.0%,0,0.4,0.0,0.1,0.0,0,0.0,0.0,0.0,0.0,-8.5,,,0.0
Brayden Willis,TE,26,SFO,6,1,0,0,0.18,0,2,4296,0.05,0,0,,0,0.0%,5,0.0,0.0,0.2,-0.2,0,0.0,0.0,0.0,0.0,-8.5,0.0,,0.17
Cameron Latu,TE,25,PHI,10,0,0,0,0.0,0,0,4212,0.0,0,0,,0,0.0%,18,0.0,0.0,0.0,0.0,0,0.0,0.0,0.0,0.0,-8.5,0.0,,0.0
E.J. Jenkins,TE,27,PHI,1,0,0,0,0.0,0,0,4212,0.0,0,0,,0,0.0%,1,0.0,0.0,0.0,0.0,0,0.0,0.0,0.0,0.0,-8.5,0.0,,0.0
Giovanni Ricci,TE,29,DET,2,1,0,0,0.18,0,3,3732,0.08,1,0,0.0%,0,6.2%,9,0.0,0.0,1.9,-1.9,0,0.0,0.27,-0.27,0.0,-8.5,0.0,,0.5
Hayden Rucci,TE,24,MIA,1,0,0,0,0.0,0,0,3300,0.0,0,0,,0,0.0%,6,0.0,0.0,0.0,0.0,0,0.0,0.0,0.0,0.0,-8.5,0.0,,0.0
Justin Shorter,TE,25,LVR,3,0,0,0,0.0,0,0,3199,0.0,0,0,,0,0.0%,0,0.0,0.0,0.0,0.0,0,0.0,0.0,0.0,0.0,-8.5,,,0.0
Ko Kieft,TE,27,TAM,2,0,0,0,0.0,0,0,4337,0.0,0,0,,0,0.0%,0,0.0,0.0,0.0,0.0,0,0.0,0.0,0.0,0.0,-8.5,,,0.0
Marcedes Lewis,TE,41,DEN,1,0,0,0,0.0,0,0,4381,0.0,0,0,,0,0.0%,3,0.0,0.0,0.0,0.0,0,0.0,0.0,0.0,0.0,-8.5,0.0,,0.0
Nick Kallerup,TE,24,SEA,4,1,0,0,0.22,0,8,3758,0.21,1,0,0.0%,0,4.5%,12,0.0,0.0,1.1,-1.1,0,0.0,0.12,-0.12,0.0,-8.5,0.0,,0.25
Nikola Kalinic,TE,28,CHI,2,0,0,0,0.0,0,0,4536,0.0,0,0,,0,0.0%,0,0.0,0.0,0.0,0.0,0,0.0,0.0,0.0,0.0,-8.5,,,0.0
Princeton Fant,TE,26,DAL,1,0,0,0,0.0,0,0,4925,0.0,0,0,,0,0.0%,0,0.0,0.0,0.0,0.0,0,0.0,0.0,0.0,0.0,-8.5,,,0.0
Teagan Quitoriano,TE,25,ATL,2,0,0,0,0.0,0,0,4184,0.0,0,0,,0,0.0%,10,0.0,0.0,0.0,0.0,0,0.0,0.0,0.0,0.0,-8.5,0.0,,0.0
Thomas Fidone II,TE,23,NYG,1,0,0,0,0.0,0,0,4312,0.0,0,0,,0,0.0%,11,0.0,0.0,0.0,0.0,0,0.0,0.0,0.0,0.0,-8.5,0.0,,0.0
Travis Vokolek,TE,27,ARI,1,0,0,0,0.0,0,0,4450,0.0,0,0,,0,0.0%,5,0.0,0.0,0.0,0.0,0,0.0,0.0,0.0,0.0,-8.5,0.0,,0.0
