Player,merge_status,Age_2025,Age_2024,Team_2025,Team_2024,G_2025,G_2024,G_diff_2025_minus_2024,Tgt_2025,Tgt_2024,Tgt_diff_2025_minus_2024,Rec_2025,Rec_2024,Rec_diff_2025_minus_2024,Yds_2025,Yds_2024,Yds_diff_2025_minus_2024,Target_Share_2025,Target_Share_2024,Target_Share_diff_2025_minus_2024,CATCHABLE_2025,CATCHABLE_2024,CATCHABLE_diff_2025_minus_2024,AIR_2025,AIR_2024,AIR_diff_2025_minus_2024,team_air_2025,team_air_2024,team_air_diff_2025_minus_2024,air_pct_2025,air_pct_2024,air_pct_diff_2025_minus_2024,RZ TGT_2025,RZ TGT_2024,RZ TGT_diff_2025_minus_2024,RZ_REC_2025,RZ_REC_2024,RZ_REC_diff_2025_minus_2024,RZ_REC_PCT_2025,RZ_REC_PCT_2024,RZ_REC_PCT_diff_2025_minus_2024,RZ_P_TD_2025,RZ_P_TD_2024,RZ_P_TD_diff_2025_minus_2024,RZ_TGT_PCT_2025,RZ_TGT_PCT_2024,RZ_TGT_PCT_diff_2025_minus_2024,Routes Run_2025,Routes Run_2024,Routes Run_diff_2025_minus_2024,FPTS_2025,FPTS_2024,FPTS_diff_2025_minus_2024,FPTS/G_2025,FPTS/G_2024,FPTS/G_diff_2025_minus_2024,XFP_2025,XFP_2024,XFP_diff_2025_minus_2024,fpts_diff_2025,fpts_diff_2024,fpts_diff_diff_2025_minus_2024,RTD_2025,RTD_2024,RTD_diff_2025_minus_2024,TD/G_2025,TD/G_2024,TD/G_diff_2025_minus_2024,XTD_2025,XTD_2024,XTD_diff_2025_minus_2024,td_diff_2025,td_diff_2024,td_diff_diff_2025_minus_2024,WOPR_2025,WOPR_2024,WOPR_diff_2025_minus_2024,VOR_2025,VOR_2024,VOR_diff_2025_minus_2024,YPRR_2025,YPRR_2024,YPRR_diff_2025_minus_2024,normalized_line_pred,Bet_Line_Rec_Yds,Bet_Line_Rec,Bet_Line_Rec_TD,TGT/G_2025,TGT/G_2024,TGT/G_diff_2025_minus_2024
jamarr chase,both,25,24,CIN,CIN,16,17,-1,185,175,10,125,127,-2,1412,1708,-296,30.43,27.87,2.56,129,136,-7,1570,1523,47,4707,3630,1077,33.35,41.96,-8.61,22,35,-13,13,20,-7,59.1%,60.6%,-1.5,7,7,0,44.9%,44.0%,0.9,634,681,-47,313.6,403,-89.4,19.6,23.7,-4.1,19.2,19.3,-0.1,0.4,4.4,-4,8,17,-9,0.5,1,-0.5,0.43,0.76,-0.33,0.07,0.24,-0.17,0.69,0.71,-0.02,6.6,10.7,-4.1,2.23,2.51,-0.28,1317.17,1313.5,104.5,10,11.56,10.29,1.27
justin jefferson,both,26,25,MIN,MIN,17,17,0,141,154,-13,84,103,-19,1048,1533,-485,30.13,29.79,0.34,87,108,-21,1438,1673,-235,3757,3612,145,38.28,46.32,-8.04,18,25,-7,5,15,-10,27.8%,68.2%,-40.4,2,6,-4,40.9%,45.8%,-4.9,558,570,-12,201.5,317.5,-116,11.9,18.7,-6.8,14.7,18.5,-3.8,-2.8,0.2,-3,2,10,-8,0.12,0.6,-0.48,0.5,0.69,-0.19,-0.39,-0.09,-0.3,0.72,0.77,-0.05,-1.1,5.7,-6.8,1.88,2.69,-0.81,1250.5,1160.5,93,7,8.29,9.06,-0.77
puka nacua,both,24,23,LAR,LAR,16,11,5,166,106,60,129,79,50,1715,990,725,28.57,19.59,8.98,133,80,53,1566,834,732,5428,3552,1876,28.85,23.48,5.37,17,12,5,14,10,4,82.4%,76.9%,5.5,5,3,2,29.3%,29.5%,-0.2,463,274,189,375.0,206.6,168.4,23.4,18.8,4.6,19.0,17.7,1.3,4.4,1.1,3.3,10,3,7,0.69,0.4,0.29,0.51,0.47,0.04,0.18,-0.07,0.25,0.63,0.46,0.17,10.4,5.8,4.6,3.7,3.61,0.09,1206.75,1337.5,105,8,10.38,9.64,0.74
ceedee lamb,both,26,25,DAL,DAL,13,15,-2,117,152,-35,75,101,-26,1077,1194,-117,19.28,24.44,-5.16,83,108,-25,1403,1148,255,5069,4089,980,27.68,28.08,-0.4,17,16,1,8,11,-3,47.1%,61.1%,-14,2,4,-2,30.4%,39.1%,-8.7,454,504,-50,200.9,263.4,-62.5,15.5,17.6,-2.1,17.2,16.9,0.3,-1.7,0.7,-2.4,3,6,-3,0.23,0.4,-0.17,0.6,0.43,0.17,-0.37,-0.03,-0.34,0.48,0.56,-0.08,2.5,4.6,-2.1,2.37,2.37,0,1169.93,1185.5,90.5,8,9.0,10.13,-1.13
malik nabers,both,22,21,NYG,NYG,4,15,-11,35,170,-135,18,109,-91,271,1204,-933,6.96,30.69,-23.73,19,118,-99,555,1550,-995,4473,3532,941,12.41,43.88,-31.47,4,13,-9,1,5,-4,25.0%,38.5%,-13.5,0,3,-3,12.1%,37.1%,-25,136,522,-386,57.1,273.6,-216.5,14.3,18.2,-3.9,15.9,20.3,-4.4,-1.7,-2.1,0.4,2,7,-5,0.5,0.5,0,0.62,0.54,0.08,-0.12,-0.04,-0.08,0.19,0.77,-0.58,1.3,5.2,-3.9,1.99,2.31,-0.32,1150.5,,,,8.75,11.33,-2.58
brian thomas,both,23,22,JAX,JAX,14,17,-3,91,133,-42,48,87,-39,707,1282,-575,16.64,25.48,-8.84,58,94,-36,1315,1518,-203,4880,3784,1096,26.95,40.12,-13.17,7,16,-9,2,9,-7,28.6%,64.3%,-35.7,1,8,-7,14.3%,35.0%,-20.7,471,479,-8,138.8,284,-145.2,9.9,16.7,-6.8,12.2,14.3,-2.1,-2.3,2.4,-4.7,2,10,-8,0.21,0.6,-0.39,0.37,0.42,-0.05,-0.15,0.18,-0.33,0.44,0.66,-0.22,-3.1,3.7,-6.8,1.5,2.68,-1.18,1150.5,711.5,,4,6.5,7.82,-1.32
nico collins,both,26,25,HOU,HOU,15,12,3,120,99,21,71,68,3,1117,1006,111,21.7,18.1,3.6,72,71,1,1529,1062,467,4765,4229,536,32.09,25.11,6.98,18,13,5,8,6,2,44.4%,50.0%,-5.6,3,4,-1,37.5%,32.4%,5.1,483,328,155,226.2,210.6,15.6,15.1,17.6,-2.5,14.8,16.2,-1.4,0.3,1.4,-1.1,6,7,-1,0.47,0.6,-0.13,0.52,0.57,-0.05,-0.06,0.03,-0.09,0.55,0.45,0.1,2.1,4.6,-2.5,2.31,3.07,-0.76,1138,1073.5,,6,8.0,8.25,-0.25
aj brown,both,28,27,PHI,PHI,15,13,2,121,97,24,78,67,11,1003,1079,-76,26.08,23.21,2.87,79,67,12,1425,1177,248,4483,2519,1964,31.79,46.72,-14.93,13,9,4,9,7,2,69.2%,63.6%,5.6,3,4,-1,43.3%,36.7%,6.6,484,313,171,220.3,216.9,3.4,14.7,16.7,-2,13.8,13.9,-0.1,0.9,2.8,-1.9,7,7,0,0.47,0.5,-0.03,0.36,0.49,-0.13,0.11,0.01,0.1,0.61,0.68,-0.07,1.7,3.7,-2,2.07,3.45,-1.38,1124.82,1108.5,,7,8.07,7.46,0.61
drake london,both,24,23,ATL,ATL,12,17,-5,112,158,-46,68,100,-32,919,1271,-352,21.58,29.31,-7.73,69,105,-36,1221,1746,-525,4170,3790,380,29.28,46.07,-16.79,15,24,-9,9,14,-5,60.0%,60.9%,-0.9,7,6,1,45.5%,65.7%,-20.2,396,508,-112,201.9,280.8,-78.9,16.8,16.5,0.3,16.8,16.5,0.3,0.0,0,0,7,9,-2,0.58,0.5,0.08,0.51,0.55,-0.04,0.08,-0.05,0.13,0.53,0.76,-0.23,3.8,3.5,0.3,2.32,2.5,-0.18,1106.75,1106.5,,7,9.33,9.29,0.04
amon-ra st brown,both,26,25,DET,DET,17,17,0,172,141,31,117,115,2,1401,1263,138,31.27,27.01,4.26,127,119,8,1390,1109,281,3732,2797,935,37.25,39.65,-2.4,35,31,4,20,23,-3,57.1%,74.2%,-17.1,10,9,1,61.4%,59.6%,1.8,567,515,52,324.0,316.2,7.8,19.1,18.6,0.5,19.3,14.5,4.8,-0.2,4.1,-4.3,11,12,-1,0.65,0.7,-0.05,0.68,0.47,0.21,-0.03,0.23,-0.26,0.73,0.68,0.05,6.1,5.6,0.5,2.47,2.45,0.02,1069.93,1235.5,103.5,10,10.12,8.29,1.83
ladd mcconkey,both,24,23,LAC,LAC,16,16,0,106,112,-6,66,82,-16,789,1149,-360,19.49,22.81,-3.32,72,87,-15,1046,1108,-62,4546,3626,920,23.01,30.56,-7.55,15,9,6,7,7,0,46.7%,87.5%,-40.8,4,5,-1,28.3%,28.6%,-0.3,562,424,138,180.9,240.9,-60,11.3,15.1,-3.8,11.5,12.2,-0.7,-0.2,2.9,-3.1,6,7,-1,0.38,0.4,-0.02,0.4,0.29,0.11,-0.02,0.11,-0.13,0.45,0.56,-0.11,-1.7,2.1,-3.8,1.4,2.71,-1.31,1038.23,869,,6,6.62,7,-0.38
terry mclaurin,both,30,29,WAS,WAS,10,17,-7,60,117,-57,38,82,-44,582,1096,-514,13.89,23.21,-9.32,39,86,-47,839,1565,-726,3998,3189,809,20.99,49.07,-28.08,8,14,-6,4,12,-8,50.0%,85.7%,-35.7,2,9,-7,25.0%,38.9%,-13.9,264,458,-194,114.2,267.8,-153.6,11.4,15.8,-4.4,10.1,13.6,-3.5,1.3,2.2,-0.9,3,13,-10,0.3,0.8,-0.5,0.31,0.52,-0.21,-0.01,0.28,-0.29,0.36,0.69,-0.33,-1.6,2.8,-4.4,2.2,2.39,-0.19,981.75,929.5,,5,6.0,6.88,-0.88
tee higgins,both,26,25,CIN,CIN,15,12,3,98,109,-11,59,73,-14,846,911,-65,16.12,17.36,-1.24,61,76,-15,1314,1067,247,4707,3630,1077,27.92,29.39,-1.47,15,24,-9,10,14,-4,66.7%,60.9%,5.8,4,7,-3,30.6%,30.7%,-0.1,527,428,99,211.6,222.1,-10.5,14.1,18.5,-4.4,11.8,17.7,-5.9,2.3,0.8,1.5,11,10,1,0.73,0.8,-0.07,0.43,0.87,-0.44,0.31,-0.07,0.38,0.44,0.47,-0.03,1.1,5.5,-4.4,1.61,2.13,-0.52,981.75,875.5,,8,6.53,9.08,-2.55
dj moore,both,28,27,CHI,CHI,17,17,0,85,140,-55,50,98,-48,682,966,-284,15.98,26.57,-10.59,54,101,-47,988,1049,-61,4944,3708,1236,19.98,28.29,-8.31,11,21,-10,6,12,-6,54.5%,60.0%,-5.5,3,2,1,26.2%,36.4%,-10.2,563,589,-26,172.2,238.1,-65.9,10.1,14,-3.9,10.0,15.4,-5.4,0.1,-1.4,1.5,6,6,0,0.41,0.4,0.01,0.4,0.36,0.04,0.01,0.04,-0.03,0.38,0.6,-0.22,-2.9,1,-3.9,1.21,1.64,-0.43,981.52,829.5,65.5,6,5.0,8.24,-3.24
tyreek hill,both,31,30,MIA,MIA,4,17,-13,29,123,-94,21,81,-60,265,959,-694,6.28,21.65,-15.37,21,83,-62,399,1397,-998,3362,2790,572,11.87,50.07,-38.2,2,18,-16,2,9,-7,100.0%,50.0%,50,1,5,-4,6.5%,50.0%,-43.5,105,484,-379,53.5,218.2,-164.7,13.4,12.8,0.6,12.1,13.6,-1.5,1.3,-0.8,2.1,1,6,-5,0.25,0.4,-0.15,0.24,0.42,-0.18,0.01,-0.02,0.03,0.18,0.68,-0.5,0.4,-0.2,0.6,2.52,1.98,0.54,980.16,,,,7.25,7.24,0.01
jaxon smith-njigba,both,23,22,SEA,SEA,17,17,0,163,137,26,119,100,19,1793,1130,663,35.82,24.08,11.74,124,105,19,1833,1188,645,3758,3520,238,48.78,33.75,15.03,17,13,4,10,8,2,58.8%,53.3%,5.5,6,5,1,48.6%,44.1%,4.5,497,598,-101,359.9,253,106.9,21.2,14.9,6.3,17.5,14.6,2.9,3.7,0.3,3.4,10,6,4,0.59,0.4,0.19,0.47,0.4,0.07,0.12,0,0.12,0.88,0.6,0.28,8.2,1.9,6.3,3.61,1.89,1.72,963.68,1330.5,99.5,8,9.59,8.06,1.53
davante adams,both,33,32,LAR,2TM,14,14,0,114,141,-27,60,85,-25,789,1063,-274,19.62,29.31,-9.69,65,91,-26,1444,1163,281,5428,5041,387,26.6,23.07,3.53,32,24,8,13,11,2,40.6%,47.8%,-7.2,12,5,7,55.2%,37.7%,17.5,409,496,-87,222.9,241.3,-18.4,15.9,17.2,-1.3,18.3,18.1,0.2,-2.4,-0.9,-1.5,14,8,6,1.0,0.6,0.4,1.11,0.68,0.43,-0.11,-0.08,-0.03,0.48,0.6,-0.12,2.9,4.2,-1.3,1.93,2.14,-0.21,962.09,790.5,,9,8.14,10.07,-1.93
marvin harrison,both,23,22,ARI,ARI,12,17,-5,73,116,-43,41,62,-21,608,885,-277,11.83,22.18,-10.35,45,67,-22,946,1555,-609,4660,2668,1992,20.3,58.28,-37.98,10,13,-3,6,4,2,60.0%,36.4%,23.6,4,4,0,24.4%,44.0%,-19.6,385,495,-110,127.8,196.5,-68.7,10.7,11.6,-0.9,11.6,13.6,-2,-0.9,-2,1.1,4,8,-4,0.33,0.5,-0.17,0.45,0.5,-0.05,-0.12,0,-0.12,0.32,0.74,-0.42,-2.3,-1.4,-0.9,1.58,1.79,-0.21,957.43,823,,5,6.08,6.82,-0.74
mike evans,both,32,31,TAM,TAM,8,14,-6,62,110,-48,30,74,-44,368,1004,-636,11.46,19.54,-8.08,32,78,-46,824,1274,-450,4504,3428,1076,18.29,37.16,-18.87,9,15,-6,4,8,-4,44.4%,61.5%,-17.1,3,7,-4,19.6%,31.0%,-11.4,228,382,-154,84.8,240.4,-155.6,10.6,17.2,-6.6,14.7,14.9,-0.2,-4.1,2.3,-6.4,3,11,-8,0.38,0.8,-0.42,0.52,0.65,-0.13,-0.14,0.15,-0.29,0.3,0.55,-0.25,-2.4,4.2,-6.6,1.61,2.63,-1.02,957.21,815,70,6,7.75,7.86,-0.11
dk metcalf,both,28,27,PIT,SEA,15,15,0,99,108,-9,59,66,-7,850,992,-142,18.97,18.98,-0.01,64,70,-6,1044,1414,-370,3280,3520,-240,31.83,40.17,-8.34,13,7,6,8,2,6,61.5%,25.0%,36.5,3,0,3,46.4%,23.5%,22.9,429,527,-98,187.2,191.2,-4,12.5,12.7,-0.2,12.0,14.4,-2.4,0.4,-1.7,2.1,6,5,1,0.47,0.3,0.17,0.44,0.45,-0.01,0.03,-0.15,0.18,0.51,0.57,-0.06,-0.5,-0.3,-0.2,1.98,1.88,0.1,950.96,825,,5,6.6,7.2,-0.6
garrett wilson,both,25,24,NYJ,NYJ,7,17,-10,59,154,-95,36,101,-65,395,1104,-709,12.5,26.15,-13.65,39,107,-68,535,1400,-865,3404,3922,-518,15.72,35.7,-19.98,4,23,-19,2,11,-9,50.0%,47.8%,2.2,2,4,-2,14.3%,37.7%,-23.4,228,627,-399,99.5,251.9,-152.4,14.2,14.8,-0.6,12.8,17.1,-4.3,1.4,-2.3,3.7,4,7,-3,0.57,0.4,0.17,0.19,0.57,-0.38,0.39,-0.17,0.56,0.3,0.64,-0.34,1.2,1.8,-0.6,1.73,1.76,-0.03,931.98,996,,5,8.43,9.06,-0.63
jaylen waddle,both,27,26,MIA,MIA,16,15,1,100,83,17,64,58,6,910,744,166,21.65,14.61,7.04,69,66,3,1306,828,478,3362,2790,572,38.85,29.68,9.17,11,10,1,8,6,2,72.7%,66.7%,6,3,1,2,35.5%,25.0%,10.5,417,429,-12,194.1,149.6,44.5,12.1,9.4,2.7,11.2,9.7,1.5,1.0,-0.3,1.3,6,2,4,0.38,0.1,0.28,0.28,0.2,0.08,0.1,-0.1,0.2,0.6,0.43,0.17,-0.9,-3.6,2.7,2.18,1.73,0.45,925.5,885.5,,5,6.25,5.53,0.72
jerry jeudy,both,26,25,CLE,CLE,17,17,0,106,145,-39,50,90,-40,602,1229,-627,20.31,22.87,-2.56,60,103,-43,1288,1611,-323,3785,4491,-706,34.03,35.87,-1.84,9,13,-4,1,4,-3,11.1%,33.3%,-22.2,0,1,-1,47.4%,41.4%,6,593,670,-77,120.7,240.9,-120.2,7.1,14.2,-7.1,9.3,14.9,-5.6,-2.2,-0.7,-1.5,2,4,-2,0.12,0.2,-0.08,0.17,0.33,-0.16,-0.05,-0.13,0.08,0.54,0.59,-0.05,-5.9,1.2,-7.1,1.02,1.83,-0.81,913,619,,,6.24,8.53,-2.29
calvin ridley,both,31,30,TEN,TEN,7,17,-10,36,120,-84,17,64,-47,303,1017,-714,6.79,23.67,-16.88,21,70,-49,453,1840,-1387,4014,4023,-9,11.29,45.74,-34.45,2,7,-5,0,4,-4,0.0%,50.0%,-50,0,1,-1,7.1%,30.8%,-23.7,160,510,-350,47.3,199.2,-151.9,6.8,11.7,-4.9,7.9,13.4,-5.5,-1.1,-1.7,0.6,0,4,-4,0.0,0.3,-0.3,0.1,0.3,-0.2,-0.1,0,-0.1,0.18,0.68,-0.5,-6.2,-1.3,-4.9,1.89,1.99,-0.1,906.75,612.5,,3,5.14,7.06,-1.92
zay flowers,both,25,24,BAL,BAL,17,17,0,118,116,2,86,74,12,1211,1059,152,28.99,25.38,3.61,93,80,13,1204,1162,42,3422,3332,90,35.18,34.87,0.31,11,7,4,7,3,4,63.6%,42.9%,20.7,1,3,-2,44.0%,38.9%,5.1,480,417,63,243.3,209.5,33.8,14.3,12.3,2,12.1,13.4,-1.3,2.2,-1.1,3.3,5,4,1,0.35,0.2,0.15,0.24,0.37,-0.13,0.12,-0.17,0.29,0.68,0.62,0.06,1.3,-0.7,2,2.52,2.54,-0.02,900.5,979.5,,5,6.94,6.82,0.12
george pickens,both,24,23,DAL,PIT,17,14,3,137,103,34,93,59,34,1429,900,529,22.57,22.39,0.18,96,66,30,1547,1370,177,5069,3111,1958,30.52,44.04,-13.52,23,16,7,11,7,4,47.8%,43.8%,4,4,3,1,41.1%,50.0%,-8.9,610,395,215,291.9,164.4,127.5,17.2,11.7,5.5,15.3,14.2,1.1,1.8,-2.5,4.3,9,3,6,0.53,0.2,0.33,0.61,0.55,0.06,-0.08,-0.35,0.27,0.55,0.64,-0.09,4.2,-1.3,5.5,2.34,2.28,0.06,900.5,1012.5,,7,8.06,7.36,0.7
xavier worthy,both,22,21,KAN,KAN,14,17,-3,73,98,-25,42,59,-17,532,638,-106,13.3,17.13,-3.83,43,66,-23,944,904,40,4533,2706,1827,20.83,33.41,-12.58,6,17,-11,4,11,-7,66.7%,61.1%,5.6,1,4,-3,12.5%,36.7%,-24.2,424,458,-34,109.9,187.2,-77.3,7.9,11,-3.1,9.5,10.8,-1.3,-1.7,0.2,-1.9,1,6,-5,0.07,0.5,-0.43,0.24,0.34,-0.1,-0.17,0.16,-0.33,0.35,0.49,-0.14,-5.1,-2,-3.1,1.25,1.39,-0.14,894.48,644.5,,4,5.21,5.76,-0.55
jameson williams,both,24,23,DET,DET,17,15,2,102,91,11,65,58,7,1117,1001,116,18.55,17.43,1.12,76,61,15,1289,1022,267,3732,2797,935,34.54,36.54,-2,9,10,-1,3,6,-3,33.3%,54.5%,-21.2,1,1,0,15.8%,21.2%,-5.4,600,449,151,219.9,212.2,7.7,12.9,14.1,-1.2,11.2,11.7,-0.5,1.7,2.4,-0.7,7,7,0,0.41,0.5,-0.09,0.26,0.35,-0.09,0.15,0.15,0,0.52,0.52,0,-0.1,1.1,-1.2,1.86,2.23,-0.37,876.19,898.5,,5,6.0,6.07,-0.07
courtland sutton,both,30,29,DEN,DEN,17,17,0,124,135,-11,74,81,-7,1017,1081,-64,21.23,24.59,-3.36,82,90,-8,1542,1803,-261,4488,3912,576,34.36,46.09,-11.73,19,21,-2,7,12,-5,36.8%,57.1%,-20.3,4,6,-2,36.5%,47.7%,-11.2,633,517,116,219.7,240.3,-20.6,12.9,14.1,-1.2,12.9,15.6,-2.7,0.0,-1.5,1.5,7,8,-1,0.41,0.5,-0.09,0.45,0.57,-0.12,-0.04,-0.07,0.03,0.56,0.69,-0.13,-0.1,1.1,-1.2,1.61,2.09,-0.48,869.93,778,,7,7.29,7.94,-0.65
devonta smith,both,27,26,PHI,PHI,17,13,4,113,89,24,77,68,9,1008,833,175,24.35,21.29,3.06,80,70,10,1355,813,542,4483,2519,1964,30.23,32.27,-2.04,11,11,0,7,8,-1,63.6%,66.7%,-3.1,2,3,-1,36.7%,40.0%,-3.3,524,339,185,201.8,199.4,2.4,11.9,15.3,-3.4,11.4,11.5,-0.1,0.5,3.8,-3.3,4,8,-4,0.24,0.6,-0.36,0.28,0.38,-0.1,-0.04,0.22,-0.26,0.58,0.55,0.03,-1.1,2.3,-3.4,1.92,2.46,-0.54,856.75,1025.5,,5,6.65,6.85,-0.2
jauan jennings,both,28,27,SFO,SFO,15,15,0,90,113,-23,55,77,-22,643,975,-332,16.36,22.03,-5.67,58,82,-24,905,1118,-213,4296,3098,1198,21.07,36.09,-15.02,19,15,4,11,8,3,57.9%,53.3%,4.6,7,5,2,67.9%,33.3%,34.6,466,372,94,173.3,210.5,-37.2,11.6,14,-2.4,11.3,12.6,-1.3,0.2,1.4,-1.2,9,6,3,0.6,0.4,0.2,0.43,0.34,0.09,0.17,0.06,0.11,0.39,0.58,-0.19,-1.4,1,-2.4,1.38,2.62,-1.24,850.5,,,,6.0,7.53,-1.53
chris olave,both,25,24,NOR,NOR,16,8,8,156,44,112,100,32,68,1163,400,763,27.61,8.51,19.1,105,34,71,1841,455,1386,4787,3170,1617,38.46,14.35,24.11,15,5,10,7,4,3,46.7%,66.7%,-20,5,1,4,44.1%,37.5%,6.6,586,173,413,268.0,76.7,191.3,16.8,9.6,7.2,16.0,10.3,5.7,0.7,-0.7,1.4,9,1,8,0.56,0.1,0.46,0.45,0.28,0.17,0.11,-0.18,0.29,0.68,0.23,0.45,3.8,-3.4,7.2,1.98,2.31,-0.33,842.17,1021,,6,9.75,5.5,4.25
rome odunze,both,23,22,CHI,CHI,12,17,-5,90,101,-11,44,54,-10,661,734,-73,16.92,19.17,-2.25,46,60,-14,1252,1400,-148,4944,3708,1236,25.32,37.76,-12.44,12,17,-5,5,6,-1,41.7%,35.3%,6.4,3,3,0,28.6%,30.9%,-2.3,415,511,-96,146.1,144.9,1.2,12.2,8.5,3.7,14.4,11.7,2.7,-2.2,-3.2,1,6,3,3,0.5,0.2,0.3,0.5,0.48,0.02,0.0,-0.28,0.28,0.43,0.55,-0.12,-0.8,-4.5,3.7,1.59,1.44,0.15,819.71,796,,6,7.5,5.94,1.56
jakobi meyers,both,29,28,2TM,LVR,16,15,1,110,129,-19,75,87,-12,835,1027,-192,22.27,21.79,0.48,77,88,-11,1008,1235,-227,3208,3751,-543,31.42,32.92,-1.5,15,14,1,7,8,-1,46.7%,53.3%,-6.6,3,3,0,20.5%,53.6%,-33.1,529,547,-18,175.8,218,-42.2,11.0,14.5,-3.5,12.4,14.9,-2.5,-1.4,-0.4,-1,3,4,-1,0.19,0.3,-0.11,0.37,0.38,-0.01,-0.18,-0.08,-0.1,0.55,0.56,-0.01,-2.0,1.5,-3.5,1.58,1.88,-0.3,800.04,705.5,,5,6.88,8.6,-1.72
khalil shakir,both,25,24,BUF,BUF,16,15,1,95,100,-5,72,76,-4,719,821,-102,19.83,20.2,-0.37,74,77,-3,349,548,-199,3614,3994,-380,9.66,13.72,-4.06,13,8,5,10,9,1,76.9%,90.0%,-13.1,2,2,0,37.1%,26.3%,10.8,422,334,88,166.4,182.5,-16.1,10.4,12.2,-1.8,9.3,11.4,-2.1,1.1,0.8,0.3,4,4,0,0.25,0.3,-0.05,0.15,0.25,-0.1,0.1,0.05,0.05,0.37,0.4,-0.03,-2.6,-0.8,-1.8,1.7,2.46,-0.76,775.5,650,,,5.94,6.67,-0.73
ricky pearsall,both,25,24,SFO,SFO,9,11,-2,53,46,7,36,31,5,528,400,128,9.64,8.97,0.67,37,31,6,748,525,223,4296,3098,1198,17.41,16.95,0.46,4,7,-3,1,5,-4,25.0%,83.3%,-58.3,0,1,-1,14.3%,13.3%,1,287,259,28,88.6,93.5,-4.9,9.8,8.5,1.3,10.6,7.7,2.9,-0.7,0.8,-1.5,0,3,-3,0.0,0.3,-0.3,0.23,0.18,0.05,-0.23,0.12,-0.35,0.27,0.25,0.02,-3.2,-4.5,1.3,1.84,1.54,0.3,774.55,675,,,5.89,4.18,1.71
michael pittman,both,28,27,IND,IND,17,16,1,111,111,0,80,69,11,784,808,-24,20.94,22.56,-1.62,86,70,16,907,1270,-363,4380,4444,-64,20.71,28.58,-7.87,15,10,5,8,7,1,53.3%,58.3%,-5,5,3,2,37.5%,30.8%,6.7,542,453,89,202.4,165.8,36.6,11.9,10.4,1.5,11.6,11.7,-0.1,0.3,-1.3,1.6,7,3,4,0.41,0.2,0.21,0.31,0.23,0.08,0.1,-0.03,0.13,0.46,0.54,-0.08,-1.1,-2.6,1.5,1.45,1.78,-0.33,758.52,753.5,74.5,4,6.53,6.94,-0.41
stefon diggs,both,32,31,NWE,HOU,17,8,9,102,64,38,85,47,38,1013,496,517,21.16,11.7,9.46,88,50,38,871,556,315,4612,4229,383,18.89,13.15,5.74,12,5,7,9,5,4,75.0%,100.0%,-25,4,3,1,41.4%,13.5%,27.9,421,249,172,210.3,121.9,88.4,12.4,15.2,-2.8,10.2,13.8,-3.6,2.1,1.4,0.7,4,3,1,0.24,0.5,-0.26,0.27,0.3,-0.03,-0.03,0.2,-0.23,0.45,0.27,0.18,-0.6,2.2,-2.8,2.41,1.99,0.42,750.94,,,,6.0,8,-2
keon coleman,both,22,21,BUF,BUF,12,13,-1,59,57,2,38,29,9,404,556,-152,12.32,11.52,0.8,41,33,8,659,869,-210,3614,3994,-380,18.23,21.76,-3.53,9,8,1,6,4,2,66.7%,36.4%,30.3,3,2,1,25.7%,28.9%,-3.2,317,287,30,102.4,111.5,-9.1,8.5,8.6,-0.1,9.5,9.6,-0.1,-1.0,-1,0,4,4,0,0.33,0.3,0.03,0.33,0.46,-0.13,0.0,-0.16,0.16,0.31,0.33,-0.02,-4.5,-4.4,-0.1,1.27,1.94,-0.67,750.5,,,,4.92,4.38,0.54
jordan addison,both,23,22,MIN,MIN,14,15,-1,79,99,-20,42,63,-21,610,875,-265,16.88,19.15,-2.27,48,65,-17,1083,1284,-201,3757,3612,145,28.83,35.55,-6.72,13,17,-4,7,16,-9,53.8%,94.1%,-40.3,3,6,-3,29.5%,35.4%,-5.9,450,470,-20,135.1,212.5,-77.4,9.7,14.2,-4.5,10.2,12.6,-2.4,-0.5,1.6,-2.1,3,9,-6,0.29,0.7,-0.41,0.37,0.53,-0.16,-0.09,0.17,-0.26,0.45,0.54,-0.09,-3.3,1.2,-4.5,1.36,1.86,-0.5,737.54,656,,4,5.64,6.6,-0.96
chris godwin,both,29,28,TAM,TAM,9,7,2,51,62,-11,33,50,-17,360,576,-216,9.43,11.01,-1.58,34,52,-18,361,355,6,4504,3428,1076,8.02,10.36,-2.34,7,6,1,3,7,-4,42.9%,100.0%,-57.1,2,3,-1,15.2%,16.7%,-1.5,268,229,39,83.0,137.8,-54.8,9.2,19.7,-10.5,9.6,15.6,-6,-0.4,4.1,-4.5,2,5,-3,0.22,0.7,-0.48,0.29,0.43,-0.14,-0.07,0.27,-0.34,0.2,0.24,-0.04,-3.8,6.7,-10.5,1.34,2.52,-1.18,736.62,675,,5,5.67,8.86,-3.19
rashid shaheed,both,27,26,2TM,NOR,18,6,12,92,41,51,59,20,39,687,349,338,16.28,7.93,8.35,59,21,38,1053,722,331,4787,3170,1617,22.0,22.78,-0.78,9,2,7,6,2,4,66.7%,50.0%,16.7,1,0,1,13.0%,25.0%,-12,490,155,335,156.6,79.8,76.8,8.7,13.3,-4.6,8.5,13.2,-4.7,0.2,0.1,0.1,2,3,-1,0.11,0.5,-0.39,0.18,0.43,-0.25,-0.07,0.07,-0.14,0.4,0.28,0.12,-4.3,0.3,-4.6,1.4,2.25,-0.85,732.92,506.5,,3,5.11,6.83,-1.72
darnell mooney,both,28,27,ATL,ATL,15,16,-1,72,106,-34,32,64,-32,443,992,-549,13.87,19.67,-5.8,37,71,-34,1019,1325,-306,4170,3790,380,24.44,34.96,-10.52,8,6,2,3,2,1,37.5%,33.3%,4.2,0,1,-1,24.2%,17.1%,7.1,460,497,-37,82.3,193.2,-110.9,5.5,12.1,-6.6,8.4,12.4,-4,-2.9,-0.3,-2.6,1,5,-4,0.07,0.3,-0.23,0.21,0.28,-0.07,-0.14,0.02,-0.16,0.38,0.54,-0.16,-7.5,-0.9,-6.6,0.96,2,-1.04,700.96,,,,4.8,6.62,-1.82
cooper kupp,both,32,31,SEA,LAR,16,12,4,70,100,-30,47,67,-20,593,710,-117,15.38,18.48,-3.1,50,69,-19,525,776,-251,3758,3552,206,13.97,21.85,-7.88,12,10,2,7,6,1,58.3%,60.0%,-1.7,2,4,-2,34.3%,22.7%,11.6,426,343,83,116.3,175,-58.7,7.3,14.6,-7.3,7.7,15,-7.3,-0.4,-0.4,0,2,6,-4,0.12,0.5,-0.38,0.23,0.46,-0.23,-0.1,0.04,-0.14,0.33,0.43,-0.1,-5.7,1.6,-7.3,1.39,2.07,-0.68,687.31,,,,4.38,8.33,-3.95
josh downs,both,24,23,IND,IND,16,14,2,88,107,-19,58,72,-14,566,803,-237,16.6,21.75,-5.15,62,77,-15,659,763,-104,4380,4444,-64,15.05,17.17,-2.12,15,12,3,10,7,3,66.7%,53.8%,12.9,4,2,2,37.5%,33.3%,4.2,381,345,36,138.4,183.5,-45.1,8.7,13.1,-4.4,8.5,13,-4.5,0.2,0.1,0.1,4,5,-1,0.25,0.4,-0.15,0.17,0.31,-0.14,0.08,0.09,-0.01,0.35,0.45,-0.1,-4.3,0.1,-4.4,1.49,2.33,-0.84,684.14,787,,,5.5,7.64,-2.14
jayden reed,both,25,24,GNB,GNB,5,17,-12,22,75,-53,19,55,-36,207,857,-650,4.78,16.16,-11.38,20,64,-44,179,680,-501,4283,3707,576,4.18,18.34,-14.16,4,10,-6,4,9,-5,100.0%,81.8%,18.2,1,5,-4,10.8%,23.9%,-13.1,112,353,-241,48.5,197,-148.5,9.7,11.6,-1.9,7.5,9,-1.5,2.2,2.6,-0.4,1,6,-5,0.2,0.4,-0.2,0.15,0.26,-0.11,0.05,0.14,-0.09,0.1,0.37,-0.27,-3.3,-1.4,-1.9,1.85,2.43,-0.58,676.18,642,,,4.4,4.41,-0.01
deebo samuel,both,29,28,WAS,SFO,16,15,1,99,81,18,72,51,21,727,670,57,22.92,15.79,7.13,78,58,20,527,533,-6,3998,3098,900,13.18,17.2,-4.02,12,13,-1,9,10,-1,75.0%,71.4%,3.6,4,2,2,37.5%,31.1%,6.4,442,374,68,188.2,153.6,34.6,11.8,10.2,1.6,11.3,10.7,0.6,0.5,-0.5,1,5,3,2,0.38,0.3,0.08,0.32,0.25,0.07,0.06,0.05,0.01,0.44,0.36,0.08,-1.2,-2.8,1.6,1.64,1.79,-0.15,675.27,,,,6.19,5.4,0.79
christian kirk,both,29,28,HOU,JAX,11,8,3,52,47,5,28,27,1,239,379,-140,9.4,9,0.4,30,28,2,365,644,-279,4765,3784,981,7.66,17.02,-9.36,6,5,1,3,2,1,50.0%,40.0%,10,1,1,0,12.5%,12.5%,0,280,203,77,57.9,70.9,-13,5.3,8.9,-3.6,7.7,11.8,-4.1,-2.4,-2.9,0.5,1,1,0,0.09,0.1,-0.01,0.21,0.39,-0.18,-0.12,-0.29,0.17,0.19,0.25,-0.06,-7.7,-4.1,-3.6,0.85,1.87,-1.02,624.17,,,,4.73,5.88,-1.15
quentin johnston,both,24,23,LAC,LAC,13,15,-2,84,91,-7,51,55,-4,735,711,24,15.44,18.53,-3.09,53,62,-9,989,986,3,4546,3626,920,21.76,27.19,-5.43,15,11,4,10,5,5,66.7%,55.6%,11.1,4,4,0,28.3%,32.1%,-3.8,487,348,139,171.2,174.7,-3.5,13.2,11.6,1.6,12.0,10.7,1.3,1.2,0.9,0.3,8,8,0,0.62,0.5,0.12,0.43,0.33,0.1,0.19,0.17,0.02,0.38,0.47,-0.09,0.2,-1.4,1.6,1.51,2.04,-0.53,575.5,642,,5,6.46,6.07,0.39
xavier legette,both,24,23,CAR,CAR,15,16,-1,64,84,-20,35,49,-14,363,497,-134,13.33,16.22,-2.89,37,57,-20,633,1046,-413,3450,4054,-604,18.35,25.8,-7.45,12,12,0,5,5,0,41.7%,50.0%,-8.3,2,4,-2,30.0%,22.2%,7.8,403,383,20,89.3,125.1,-35.8,6.0,7.8,-1.8,7.2,9.6,-2.4,-1.2,-1.8,0.6,3,4,-1,0.2,0.3,-0.1,0.25,0.32,-0.07,-0.05,-0.02,-0.03,0.33,0.42,-0.09,-7.0,-5.2,-1.8,0.9,1.3,-0.4,575.5,,,,4.27,5.25,-0.98
cedric tillman,both,25,24,CLE,CLE,12,11,1,39,49,-10,21,29,-8,270,339,-69,7.47,7.73,-0.26,22,32,-10,463,546,-83,3785,4491,-706,12.23,12.16,0.07,4,5,-1,4,2,2,100.0%,40.0%,60,2,1,1,21.1%,17.2%,3.9,315,260,55,60.0,80.4,-20.4,5.0,7.3,-2.3,5.2,7.5,-2.3,-0.2,-0.2,0,2,3,-1,0.17,0.3,-0.13,0.14,0.25,-0.11,0.03,0.05,-0.02,0.2,0.2,0,-8.0,-5.7,-2.3,0.86,1.3,-0.44,575.5,,,,3.25,4.45,-1.2
adam thielen,both,35,34,2TM,CAR,14,10,4,35,62,-27,19,48,-29,186,615,-429,7.48,11.97,-4.49,22,50,-28,306,684,-378,3757,4054,-297,8.14,16.87,-8.73,3,7,-4,2,4,-2,66.7%,66.7%,0,0,2,-2,4.2%,13.3%,-9.1,251,272,-21,39.6,139.5,-99.9,2.8,14,-11.2,4.0,11,-7,-1.2,3,-4.2,0,5,-5,0.0,0.5,-0.5,0.05,0.4,-0.35,-0.05,0.1,-0.15,0.17,0.3,-0.13,-10.2,1,-11.2,0.74,2.26,-1.52,574.88,,,,2.5,6.2,-3.7
marquise brown,both,28,27,KAN,KAN,16,2,14,74,15,59,49,9,40,587,91,496,13.48,2.62,10.86,51,9,42,836,123,713,4533,2706,1827,18.44,4.55,13.89,10,2,8,7,1,6,70.0%,50.0%,20,5,0,5,20.8%,4.1%,16.7,394,,,137.7,18.1,119.6,8.6,9.1,-0.5,7.9,,,0.7,,,5,0,5,0.31,,,0.26,,,0.06,,,0.33,0.07,0.26,-4.4,-3.9,-0.5,1.49,,,562.53,,,,4.62,7.5,-2.88
wandale robinson,both,24,23,NYG,NYG,16,17,-1,140,140,0,92,93,-1,1014,699,315,27.83,25.27,2.56,96,99,-3,1187,686,501,4473,3532,941,26.54,19.42,7.12,13,17,-4,4,10,-6,30.8%,58.8%,-28,1,3,-2,39.4%,48.6%,-9.2,543,536,7,217.9,182.7,35.2,13.6,10.7,2.9,13.6,13.2,0.4,0.1,-2.5,2.6,4,3,1,0.25,0.2,0.05,0.27,0.3,-0.03,-0.02,-0.1,0.08,0.6,0.51,0.09,0.6,-2.3,2.9,1.87,1.3,0.57,550.5,692,,,8.75,8.24,0.51
rashod bateman,both,26,25,BAL,BAL,13,17,-4,38,72,-34,19,45,-26,224,756,-532,9.34,15.75,-6.41,22,49,-27,468,979,-511,3422,3332,90,13.68,29.38,-15.7,8,8,0,5,6,-1,62.5%,75.0%,-12.5,2,5,-3,32.0%,44.4%,-12.4,323,387,-64,55.4,174.6,-119.2,4.3,10.3,-6,5.4,7.2,-1.8,-1.1,3.1,-4.2,2,9,-7,0.15,0.5,-0.35,0.19,0.24,-0.05,-0.03,0.26,-0.29,0.24,0.44,-0.2,-8.7,-2.7,-6,0.69,1.95,-1.26,550.04,450.5,,,2.92,4.24,-1.32
marvin mims,both,23,22,DEN,DEN,15,17,-2,51,52,-1,37,39,-2,322,503,-181,8.73,9.47,-0.74,38,42,-4,478,400,78,4488,3912,576,10.65,10.22,0.43,3,5,-2,2,4,-2,66.7%,100.0%,-33.3,0,1,-1,5.8%,9.1%,-3.3,277,169,108,95.0,129.5,-34.5,6.3,7.6,-1.3,6.0,5.7,0.3,0.3,1.9,-1.6,1,6,-5,0.13,0.4,-0.27,0.14,0.15,-0.01,-0.01,0.25,-0.26,0.21,0.21,0,-6.7,-5.4,-1.3,1.16,2.98,-1.82,534.12,,,,3.4,3.06,0.34
demario douglas,both,25,24,NWE,NWE,16,17,-1,46,87,-41,31,66,-35,447,621,-174,9.54,17.4,-7.86,33,74,-41,445,507,-62,4612,2508,2104,9.65,20.22,-10.57,7,5,2,4,4,0,57.1%,66.7%,-9.6,2,1,1,24.1%,30.0%,-5.9,221,407,-186,95.8,147.7,-51.9,6.0,8.7,-2.7,5.4,9.1,-3.7,0.5,-0.4,0.9,3,3,0,0.19,0.2,-0.01,0.2,0.19,0.01,-0.01,0.01,-0.02,0.21,0.4,-0.19,-7.0,-4.3,-2.7,2.02,1.53,0.49,525.5,,,,2.88,5.12,-2.24
michael wilson,both,25,24,ARI,ARI,17,16,1,126,71,55,78,47,31,1006,548,458,20.42,13.58,6.84,79,50,29,1502,811,691,4660,2668,1992,32.23,30.4,1.83,16,7,9,8,6,2,50.0%,75.0%,-25,4,3,1,39.0%,32.0%,7,632,460,172,220.6,124.5,96.1,13.0,7.8,5.2,12.7,8.4,4.3,0.3,-0.6,0.9,7,4,3,0.41,0.3,0.11,0.37,0.25,0.12,0.04,0.05,-0.01,0.53,0.42,0.11,0.0,-5.2,5.2,1.59,1.19,0.4,525.5,702,,,7.41,4.44,2.97
josh palmer,both,26,25,BUF,LAC,12,15,-3,37,65,-28,22,39,-17,303,584,-281,7.72,13.24,-5.52,22,43,-21,424,993,-569,3614,3626,-12,11.73,27.39,-15.66,6,7,-1,3,3,0,50.0%,42.9%,7.1,0,0,0,17.1%,25.0%,-7.9,239,341,-102,52.3,107.4,-55.1,4.4,7.2,-2.8,5.7,8.6,-2.9,-1.3,-1.4,0.1,0,1,-1,0.0,0.1,-0.1,0.15,0.27,-0.12,-0.15,-0.17,0.02,0.2,0.39,-0.19,-8.6,-5.8,-2.8,1.27,1.71,-0.44,525.5,,,,3.08,4.33,-1.25
romeo doubs,both,25,24,GNB,GNB,16,13,3,85,72,13,55,46,9,724,601,123,18.48,15.52,2.96,58,53,5,1085,886,199,4283,3707,576,25.33,23.9,1.43,17,9,8,10,8,2,58.8%,72.7%,-13.9,5,3,2,45.9%,23.9%,22,419,315,104,165.4,132.1,33.3,10.3,10.2,0.1,10.3,10,0.3,0.0,0.2,-0.2,6,4,2,0.38,0.3,0.08,0.41,0.34,0.07,-0.04,-0.04,0,0.45,0.4,0.05,-2.7,-2.8,0.1,1.73,1.91,-0.18,500.5,635,56.5,5,5.31,5.54,-0.23
darius slayton,both,28,27,NYG,NYG,14,16,-2,63,71,-8,37,39,-2,538,573,-35,12.52,12.82,-0.3,42,43,-1,843,933,-90,4473,3532,941,18.85,26.42,-7.57,6,5,1,1,0,1,16.7%,0.0%,16.7,0,0,0,18.2%,14.3%,3.9,436,494,-58,98.8,110,-11.2,7.1,6.9,0.2,7.9,8.8,-0.9,-0.8,-1.9,1.1,1,2,-1,0.07,0.1,-0.03,0.23,0.26,-0.03,-0.16,-0.16,0,0.32,0.38,-0.06,-5.9,-6.1,0.2,1.23,1.16,0.07,500.5,,,,4.5,4.44,0.06
calvin austin,both,26,25,PIT,PIT,14,17,-3,55,58,-3,31,36,-5,372,548,-176,10.54,12.61,-2.07,33,39,-6,605,718,-113,3280,3111,169,18.45,23.08,-4.63,4,4,0,3,2,1,75.0%,40.0%,35,2,0,2,14.3%,15.6%,-1.3,271,354,-83,86.2,118.8,-32.6,6.2,7,-0.8,6.2,6.1,0.1,-0.1,0.9,-1,3,4,-1,0.21,0.2,0.01,0.13,0.16,-0.03,0.08,0.04,0.04,0.29,0.35,-0.06,-6.8,-6,-0.8,1.37,1.55,-0.18,500.5,,,,3.93,3.41,0.52
tutu atwell,both,26,25,LAR,LAR,8,17,-9,15,62,-47,6,42,-36,192,562,-370,2.58,11.46,-8.88,7,45,-38,302,695,-393,5428,3552,1876,5.56,19.57,-14.01,1,3,-2,0,1,-1,0.0%,50.0%,-50,0,0,0,1.7%,4.5%,-2.8,142,254,-112,31.2,98.9,-67.7,3.9,5.8,-1.9,3.5,6.3,-2.8,0.4,-0.5,0.9,1,0,1,0.12,0,0.12,0.07,0.09,-0.02,0.06,-0.09,0.15,0.08,0.31,-0.23,-9.1,-7.2,-1.9,1.35,2.21,-0.86,475.5,,,,1.88,3.65,-1.77
keenan allen,both,33,32,LAC,CHI,17,15,2,122,121,1,81,70,11,777,744,33,22.43,22.96,-0.53,87,75,12,1027,1104,-77,4546,3708,838,22.59,29.77,-7.18,16,15,1,7,6,1,43.8%,40.0%,3.8,4,5,-1,30.2%,27.3%,2.9,468,452,16,182.7,185.4,-2.7,10.7,12.4,-1.7,11.7,13.6,-1.9,-1.0,-1.2,0.2,4,7,-3,0.24,0.5,-0.26,0.35,0.42,-0.07,-0.12,0.08,-0.2,0.49,0.55,-0.06,-2.3,-0.6,-1.7,1.66,1.65,0.01,,,,,7.18,8.07,-0.89
ray-ray mccloud,both,29,28,2TM,ATL,6,17,-11,15,87,-72,7,62,-55,69,686,-617,2.89,16.14,-13.25,8,65,-57,84,589,-505,4170,3790,380,2.01,15.54,-13.53,1,5,-4,0,3,-3,0.0%,60.0%,-60,0,1,-1,1.5%,14.3%,-12.8,136,515,-379,13.9,140.5,-126.6,2.3,8.3,-6,3.9,8.3,-4.4,-1.6,0,-1.6,0,1,-1,0.0,0.1,-0.1,0.06,0.1,-0.04,-0.06,0,-0.06,0.06,0.35,-0.29,-10.7,-4.7,-6,0.51,1.33,-0.82,,,,,2.5,5.12,-2.62
elijah moore,both,25,24,BUF,CLE,9,17,-8,17,102,-85,9,61,-52,112,538,-426,3.55,16.09,-12.54,10,65,-55,142,998,-856,3614,4491,-877,3.93,22.22,-18.29,0,6,-6,0,4,-4,,57.1%,,0,0,0,0.0%,24.1%,-24.1,108,554,-446,28.6,120.9,-92.3,3.2,7.1,-3.9,3.9,9.7,-5.8,-0.7,-2.6,1.9,0,1,-1,0.11,0.1,0.01,0.07,0.18,-0.11,0.04,-0.08,0.12,0.08,0.4,-0.32,-9.8,-5.9,-3.9,1.04,0.97,0.07,,,,,1.89,6,-4.11
deandre hopkins,both,33,32,BAL,2TM,17,16,1,39,80,-41,22,56,-34,330,610,-280,9.58,16.63,-7.05,22,58,-36,513,846,-333,3422,5041,-1619,14.99,16.78,-1.79,3,11,-8,0,5,-5,0.0%,45.5%,-45.5,0,5,-5,12.0%,22.4%,-10.4,202,328,-126,67.0,147,-80,3.9,9.2,-5.3,4.0,10.4,-6.4,0.0,-1.2,1.2,2,5,-3,0.12,0.3,-0.18,0.13,0.41,-0.28,-0.02,-0.11,0.09,0.25,0.37,-0.12,-9.1,-3.8,-5.3,1.63,1.86,-0.23,,,,,2.29,5,-2.71
tank dell,both,26,25,HOU,HOU,0,14,-14,0,81,-81,0,51,-51,0,667,-667,0.0,14.81,-14.81,0,57,-57,0,1011,-1011,4595,4229,366,0.0,23.91,-23.91,0,8,-8,0,5,-5,,55.6%,,0,2,-2,0.0%,24.3%,-24.3,0,391,-391,0.0,140,-140,0.0,10,-10,0.0,11.6,-11.6,0.0,-1.6,1.6,0,3,-3,0.0,0.2,-0.2,0.0,0.4,-0.4,0.0,-0.2,0.2,0.0,0.39,-0.39,-13.0,-3,-10,,1.71,,,,,,0.0,5.79,-5.79
tyler lockett,both,33,32,2TM,SEA,17,17,0,55,74,-19,32,49,-17,291,600,-309,10.38,13.01,-2.63,35,53,-18,426,790,-364,4014,3520,494,10.61,22.44,-11.83,2,9,-7,1,2,-1,50.0%,20.0%,30,1,1,0,3.8%,29.4%,-25.6,373,524,-151,67.1,121,-53.9,3.9,7.1,-3.2,4.6,8.1,-3.5,-0.7,-1,0.3,1,2,-1,0.06,0.1,-0.04,0.07,0.29,-0.22,-0.01,-0.19,0.18,0.23,0.35,-0.12,-9.1,-5.9,-3.2,0.78,1.15,-0.37,,,,,3.24,4.35,-1.11
jalen tolbert,both,26,25,DAL,DAL,12,17,-5,34,79,-45,18,49,-31,203,610,-407,5.6,12.7,-7.1,19,53,-34,408,905,-497,5069,4089,980,8.05,22.13,-14.08,4,13,-9,0,8,-8,0.0%,61.5%,-61.5,0,7,-7,7.1%,28.3%,-21.2,265,501,-236,46.3,152,-105.7,3.9,8.9,-5,5.3,8.6,-3.3,-1.4,0.3,-1.7,1,7,-6,0.08,0.4,-0.32,0.2,0.35,-0.15,-0.12,0.05,-0.17,0.14,0.35,-0.21,-9.1,-4.1,-5,0.77,1.22,-0.45,,,,,2.83,4.65,-1.82
tre tucker,both,24,23,LVR,LVR,17,17,0,92,81,11,57,47,10,696,539,157,18.62,13.68,4.94,60,49,11,935,1025,-90,3208,3751,-543,29.15,27.33,1.82,10,5,5,6,5,1,60.0%,100.0%,-40,3,2,1,41.7%,17.9%,23.8,584,601,-17,161.7,129.3,32.4,9.5,7.6,1.9,9.1,9.2,-0.1,0.4,-1.6,2,5,3,2,0.29,0.2,0.09,0.22,0.21,0.01,0.07,-0.01,0.08,0.48,0.4,0.08,-3.5,-5.4,1.9,1.19,0.9,0.29,,575,,,5.41,4.76,0.65
olamide zaccheaus,both,28,27,CHI,WAS,14,17,-3,65,64,1,39,45,-6,313,506,-193,12.22,12.7,-0.48,44,50,-6,462,406,56,4944,3189,1755,9.34,12.73,-3.39,12,8,4,7,7,0,58.3%,87.5%,-29.2,2,2,0,28.6%,22.2%,6.4,342,253,89,84.8,112.4,-27.6,6.1,6.6,-0.5,7.9,6.9,1,-1.8,-0.3,-1.5,2,3,-1,0.14,0.2,-0.06,0.19,0.18,0.01,-0.05,0.02,-0.07,0.25,0.28,-0.03,-6.9,-6.4,-0.5,0.92,2,-1.08,,,,,4.64,3.76,0.88
amari cooper,both,31,30,LVR,2TM,0,14,-14,0,85,-85,0,44,-44,0,547,-547,0.0,17.67,-17.67,0,56,-56,0,1045,-1045,3199,5041,-1842,0.0,20.73,-20.73,0,5,-5,0,4,-4,,80.0%,,0,2,-2,0.0%,13.2%,-13.2,0,337,-337,0.0,122.7,-122.7,0.0,9.4,-9.4,0.0,11.3,-11.3,0.0,-1.9,1.9,0,4,-4,0.0,0.3,-0.3,0.0,0.28,-0.28,0.0,0.02,-0.02,0.0,0.41,-0.41,-13.0,-3.6,-9.4,,1.62,,,,,,0.0,6.07,-6.07
kayshon boutte,both,23,22,NWE,NWE,14,15,-1,46,68,-22,33,43,-10,551,589,-38,9.54,13.6,-4.06,34,47,-13,781,987,-206,4612,2508,2104,16.93,39.35,-22.42,4,3,1,2,2,0,50.0%,50.0%,0,2,0,2,13.8%,20.0%,-6.2,375,410,-35,124.1,121.9,2.2,8.9,8.1,0.8,6.4,8.8,-2.4,2.4,-0.7,3.1,6,3,3,0.43,0.2,0.23,0.24,0.24,0,0.18,-0.04,0.22,0.26,0.48,-0.22,-4.1,-4.9,0.8,1.47,1.44,0.03,,,,,3.29,4.53,-1.24
devaughn vele,both,28,27,NOR,DEN,9,13,-4,39,55,-16,25,41,-16,293,475,-182,6.9,10.02,-3.12,25,44,-19,432,461,-29,4787,3912,875,9.02,11.78,-2.76,4,7,-3,2,5,-3,50.0%,83.3%,-33.3,2,2,0,11.8%,13.6%,-1.8,244,268,-24,66.3,106.5,-40.2,7.4,8.2,-0.8,7.4,7.3,0.1,-0.1,0.9,-1,2,3,-1,0.22,0.2,0.02,0.24,0.19,0.05,-0.01,0.01,-0.02,0.17,0.23,-0.06,-5.6,-4.8,-0.8,1.2,1.77,-0.57,,,,,4.33,4.23,0.1
tyler boyd,both,31,30,FA,TEN,0,16,-16,0,57,-57,0,39,-39,0,390,-390,0.0,11.24,-11.24,0,42,-42,0,418,-418,0,4023,-4023,0.0,10.39,-10.39,0,7,-7,0,2,-2,,28.6%,,0,0,0,,26.9%,,0,404,-404,0.0,78.3,-78.3,0.0,5.2,-5.2,0.0,6.5,-6.5,0.0,-1.3,1.3,0,0,0,0.0,0,0,0.0,0.2,-0.2,0.0,-0.2,0.2,0.0,0.24,-0.24,-13.0,-7.8,-5.2,,0.97,,,,,,0.0,3.56,-3.56
dontayvion wicks,both,24,23,GNB,GNB,13,17,-4,46,76,-30,30,39,-9,332,415,-83,10.0,16.38,-6.38,32,48,-16,517,811,-294,4283,3707,576,12.07,21.88,-9.81,4,14,-10,3,10,-7,75.0%,76.9%,-1.9,1,4,-3,10.8%,28.3%,-17.5,241,254,-13,75.8,110.5,-34.7,5.8,6.5,-0.7,6.3,8.3,-2,-0.5,-1.8,1.3,2,5,-3,0.15,0.3,-0.15,0.19,0.3,-0.11,-0.04,0,-0.04,0.23,0.4,-0.17,-7.2,-6.5,-0.7,1.38,1.63,-0.25,,,,,3.54,4.47,-0.93
greg dortch,both,27,26,ARI,ARI,12,17,-5,33,50,-17,29,37,-8,206,342,-136,5.35,9.56,-4.21,30,40,-10,58,207,-149,4660,2668,1992,1.24,7.76,-6.52,7,7,0,7,6,1,100.0%,100.0%,0,2,1,1,17.1%,24.0%,-6.9,216,259,-43,75.1,90.3,-15.2,6.3,5.3,1,4.9,4.9,0,1.4,0.4,1,3,3,0,0.33,0.2,0.13,0.13,0.12,0.01,0.2,0.08,0.12,0.09,0.2,-0.11,-6.7,-7.7,1,0.95,1.32,-0.37,,,,,2.75,2.94,-0.19
allen lazard,both,30,29,NYJ,NYJ,9,12,-3,18,60,-42,10,37,-27,70,530,-460,3.81,10.19,-6.38,11,43,-32,142,679,-537,3404,3922,-518,4.17,17.31,-13.14,6,12,-6,3,5,-2,50.0%,45.5%,4.5,1,3,-2,21.4%,18.0%,3.4,162,404,-242,23.0,126,-103,2.6,10.5,-7.9,3.4,9.3,-5.9,-0.8,1.2,-2,1,6,-5,0.11,0.5,-0.39,0.22,0.28,-0.06,-0.11,0.22,-0.33,0.09,0.27,-0.18,-10.4,-2.5,-7.9,0.43,1.31,-0.88,,,,,2.0,5,-3
jalen mcmillan,both,24,23,TAM,TAM,4,13,-9,15,58,-43,12,37,-25,178,461,-283,2.77,10.3,-7.53,13,41,-28,179,706,-527,4504,3428,1076,3.97,20.6,-16.63,1,8,-7,1,7,-6,100.0%,87.5%,12.5,0,4,-4,2.2%,19.0%,-16.8,83,360,-277,29.9,135.4,-105.5,7.5,10.4,-2.9,6.6,8.5,-1.9,0.9,1.9,-1,0,8,-8,0.0,0.6,-0.6,0.15,0.36,-0.21,-0.15,0.24,-0.39,0.07,0.3,-0.23,-5.5,-2.6,-2.9,2.14,1.28,0.86,,,,,3.75,4.46,-0.71
alec pierce,both,25,24,IND,IND,15,16,-1,84,69,15,47,37,10,1003,824,179,15.85,14.02,1.83,48,40,8,1593,1484,109,4380,4444,-64,36.37,33.39,2.98,9,6,3,4,4,0,44.4%,66.7%,-22.3,4,4,0,22.5%,15.4%,7.1,478,422,56,183.3,161.4,21.9,12.2,10.1,2.1,11.3,9.2,2.1,0.9,0.9,0,6,7,-1,0.4,0.4,0,0.37,0.34,0.03,0.03,0.06,-0.03,0.49,0.44,0.05,-0.8,-2.9,2.1,2.1,1.95,0.15,,,49.5,5,5.6,4.31,1.29
andrei iosivas,both,26,25,CIN,CIN,15,17,-2,58,61,-3,33,36,-3,435,479,-44,9.54,9.71,-0.17,38,41,-3,606,682,-76,4707,3630,1077,12.87,18.79,-5.92,7,10,-3,2,6,-4,28.6%,66.7%,-38.1,1,6,-5,14.3%,12.0%,2.3,553,547,6,89.9,119.9,-30,6.0,7.1,-1.1,6.9,7.4,-0.5,-0.9,-0.3,-0.6,2,6,-4,0.13,0.4,-0.27,0.18,0.32,-0.14,-0.05,0.08,-0.13,0.23,0.28,-0.05,-7.0,-5.9,-1.1,0.79,0.88,-0.09,,,,,3.87,3.59,0.28
noah brown,both,29,28,WAS,WAS,4,11,-7,10,56,-46,5,35,-30,83,453,-370,2.31,11.11,-8.8,5,39,-34,145,658,-513,3998,3189,809,3.63,20.63,-17,2,3,-1,0,3,-3,0.0%,75.0%,-75,0,0,0,6.2%,11.1%,-4.9,70,239,-169,13.3,86.3,-73,3.3,7.8,-4.5,4.5,9.3,-4.8,-1.2,-1.5,0.3,0,1,-1,0.0,0.1,-0.1,0.14,0.15,-0.01,-0.14,-0.05,-0.09,0.06,0.31,-0.25,-9.7,-5.2,-4.5,1.19,1.9,-0.71,,,,,2.5,5.09,-2.59
tim patrick,both,32,31,JAX,DET,13,16,-3,24,44,-20,15,33,-18,187,394,-207,4.39,8.43,-4.04,17,34,-17,258,439,-181,4880,2797,2083,5.29,15.7,-10.41,9,8,1,6,6,0,66.7%,75.0%,-8.3,2,3,-1,18.4%,15.4%,3,164,319,-155,51.7,92.4,-40.7,4.0,5.8,-1.8,3.9,5.7,-1.8,0.1,0.1,0,3,3,0,0.23,0.2,0.03,0.21,0.23,-0.02,0.02,-0.03,0.05,0.1,0.24,-0.14,-9.0,-7.2,-1.8,1.14,1.24,-0.1,,,,,1.85,2.75,-0.9
diontae johnson,both,29,28,CLE,3TM,0,12,-12,0,67,-67,0,33,-33,0,375,-375,0.0,100,-100,0,36,-36,0,729,-729,3591,729,2862,0.0,100,-100,0,11,-11,0,3,-3,,27.3%,,0,2,-2,0.0%,24.4%,-24.4,0,230,-230,0.0,89.1,-89.1,0.0,8.1,-8.1,0.0,10.9,-10.9,0.0,-2.8,2.8,0,3,-3,0.0,0.3,-0.3,0.0,0.51,-0.51,0.0,-0.21,0.21,0.0,2.2,-2.2,-13.0,-4.9,-8.1,,1.63,,,,,,0.0,5.58,-5.58
jalen coker,both,24,23,CAR,CAR,11,11,0,43,46,-3,33,32,1,394,478,-84,8.96,8.88,0.08,33,32,1,435,519,-84,3450,4054,-604,12.61,12.8,-0.19,3,7,-4,2,2,0,66.7%,33.3%,33.4,1,1,0,7.5%,13.3%,-5.8,291,248,43,90.4,92.6,-2.2,8.2,8.4,-0.2,6.6,8.3,-1.7,1.6,0.1,1.5,3,2,1,0.27,0.2,0.07,0.14,0.25,-0.11,0.13,-0.05,0.18,0.22,0.22,0,-4.8,-4.6,-0.2,1.35,1.93,-0.58,,606,,,3.91,4.18,-0.27
david moore,both,30,29,CAR,CAR,3,17,-14,1,57,-56,1,32,-31,5,351,-346,0.21,11,-10.79,1,36,-35,5,615,-610,3450,4054,-604,0.14,15.17,-15.03,0,11,-11,0,5,-5,,50.0%,,0,2,-2,0.0%,22.2%,-22.2,38,305,-267,2.7,85.1,-82.4,0.9,5,-4.1,0.7,6.4,-5.7,0.2,-1.4,1.6,0,3,-3,0.0,0.2,-0.2,0.0,0.26,-0.26,0.0,-0.06,0.06,0.0,0.27,-0.27,-12.1,-8,-4.1,0.13,1.15,-1.02,,,,,0.33,3.35,-3.02
sterling shepard,both,32,31,TAM,TAM,13,14,-1,53,51,2,39,32,7,371,334,37,9.8,9.06,0.74,39,36,3,453,473,-20,4504,3428,1076,10.06,13.8,-3.74,7,5,2,4,3,1,57.1%,50.0%,7.1,1,1,0,15.2%,14.3%,0.9,359,319,40,82.0,80.3,1.7,6.3,5.7,0.6,7.3,6.3,1,-1.0,-0.6,-0.4,1,1,0,0.08,0.1,-0.02,0.19,0.16,0.03,-0.12,-0.06,-0.06,0.22,0.23,-0.01,-6.7,-7.3,0.6,1.03,1.05,-0.02,,,,,4.08,3.64,0.44
parker washington,both,23,22,JAX,JAX,16,17,-1,95,51,44,58,32,26,847,390,457,17.37,9.77,7.6,65,33,32,1187,572,615,4880,3784,1096,24.32,15.12,9.2,14,6,8,10,2,8,71.4%,33.3%,38.1,4,1,3,28.6%,15.0%,13.6,412,336,76,184.7,97,87.7,11.5,5.7,5.8,11.1,5.6,5.5,0.4,0.1,0.3,5,3,2,0.31,0.2,0.11,0.35,0.17,0.18,-0.04,0.03,-0.07,0.43,0.25,0.18,-1.5,-7.3,5.8,2.06,1.16,0.9,,750,,4,5.94,3,2.94
nick westbrook-ikhine,both,28,27,MIA,TEN,13,17,-4,20,60,-40,11,32,-21,89,497,-408,4.33,11.83,-7.5,14,36,-22,110,689,-579,3362,4023,-661,3.27,17.13,-13.86,2,9,-7,0,7,-7,0.0%,70.0%,-70,0,6,-6,6.5%,38.5%,-32,222,408,-186,19.9,135.7,-115.8,1.5,9.7,-8.2,2.3,6.4,-4.1,-0.8,3.3,-4.1,0,9,-9,0.0,0.5,-0.5,0.02,0.26,-0.24,-0.02,0.24,-0.26,0.09,0.3,-0.21,-11.5,-3.3,-8.2,0.4,1.22,-0.82,,,,,1.54,3.53,-1.99
mack hollins,both,32,31,NWE,BUF,14,17,-3,65,50,15,46,31,15,550,378,172,13.49,10.1,3.39,46,34,12,851,555,296,4612,3994,618,18.45,13.9,4.55,5,7,-2,4,4,0,80.0%,66.7%,13.3,2,4,-2,17.2%,15.8%,1.4,343,317,26,113.4,98.8,14.6,8.1,5.8,2.3,8.3,5.8,2.5,-0.2,0,-0.2,2,5,-3,0.14,0.3,-0.16,0.22,0.22,0,-0.08,0.08,-0.16,0.33,0.25,0.08,-4.9,-7.2,2.3,1.6,1.19,0.41,,,,,4.64,2.94,1.7
liljordan humphrey,both,27,26,2TM,DEN,7,17,-10,25,45,-20,13,31,-18,156,293,-137,4.97,8.2,-3.23,14,34,-20,277,293,-16,4473,3912,561,6.19,7.49,-1.3,4,5,-1,1,2,-1,25.0%,33.3%,-8.3,1,0,1,4.7%,13.6%,-8.9,174,252,-78,34.6,64.3,-29.7,4.9,4.6,0.3,6.1,4.5,1.6,-1.2,0.1,-1.3,1,1,0,0.14,0.1,0.04,0.25,0.1,0.15,-0.1,0,-0.1,0.12,0.18,-0.06,-8.1,-8.4,0.3,0.9,1.16,-0.26,,,,,3.57,2.65,0.92
demarcus robinson,both,31,30,SFO,LAR,14,17,-3,35,64,-29,22,31,-9,276,505,-229,6.36,11.83,-5.47,23,32,-9,472,911,-439,4296,3552,744,10.99,25.65,-14.66,3,11,-8,1,5,-4,33.3%,50.0%,-16.7,0,5,-5,10.7%,22.7%,-12,266,496,-230,58.2,123.5,-65.3,4.2,7.3,-3.1,4.8,8.3,-3.5,-0.7,-1,0.3,1,7,-6,0.07,0.4,-0.33,0.17,0.46,-0.29,-0.09,-0.06,-0.03,0.17,0.36,-0.19,-8.8,-5.7,-3.1,1.04,1.02,0.02,,,,,2.5,3.76,-1.26
curtis samuel,both,29,28,BUF,BUF,6,14,-8,9,46,-37,7,31,-24,81,253,-172,1.88,9.29,-7.41,7,32,-25,145,212,-67,3614,3994,-380,4.01,5.31,-1.3,1,6,-5,1,3,-2,100.0%,50.0%,50,1,1,0,2.9%,15.8%,-12.9,91,198,-107,21.1,63.7,-42.6,3.5,4.6,-1.1,2.7,5.8,-3.1,0.8,-1.2,2,1,1,0,0.17,0.1,0.07,0.08,0.15,-0.07,0.09,-0.05,0.14,0.06,0.18,-0.12,-9.5,-8.4,-1.1,0.89,1.28,-0.39,,,,,1.5,3.29,-1.79
kavontae turpin,both,29,28,DAL,DAL,15,17,-2,38,52,-14,26,31,-5,396,420,-24,6.26,8.36,-2.1,30,33,-3,339,444,-105,5069,4089,980,6.69,10.86,-4.17,5,7,-2,3,3,0,60.0%,42.9%,17.1,1,1,0,8.9%,15.2%,-6.3,241,193,48,84.5,104.2,-19.7,5.6,6.1,-0.5,5.2,5.5,-0.3,0.5,0.6,-0.1,2,2,0,0.13,0.1,0.03,0.13,0.15,-0.02,0.01,-0.05,0.06,0.14,0.2,-0.06,-7.4,-6.9,-0.5,1.64,2.18,-0.54,,,,,2.53,3.06,-0.53
dyami brown,both,26,25,JAX,WAS,11,16,-5,37,40,-3,20,30,-10,227,308,-81,6.76,7.94,-1.18,25,32,-7,518,282,236,4880,3189,1691,10.61,8.84,1.77,9,4,5,4,1,3,44.4%,25.0%,19.4,1,0,1,18.4%,11.1%,7.3,205,222,-17,49.7,67.4,-17.7,4.5,4.5,0,7.3,4.9,2.4,-2.7,-0.4,-2.3,1,1,0,0.09,0.1,-0.01,0.33,0.15,0.18,-0.24,-0.05,-0.19,0.18,0.18,0,-8.5,-8.5,0,1.11,1.39,-0.28,,,,,3.36,2.5,0.86
christian watson,both,26,25,GNB,GNB,10,15,-5,55,53,2,35,29,6,611,620,-9,11.96,11.42,0.54,36,31,5,977,943,34,4283,3707,576,22.81,25.44,-2.63,6,8,-2,3,2,1,50.0%,25.0%,25,2,1,1,16.2%,17.4%,-1.2,244,232,12,132.4,105.3,27.1,13.2,7,6.2,11.0,7.4,3.6,2.2,-0.4,2.6,6,2,4,0.6,0.1,0.5,0.44,0.3,0.14,0.16,-0.2,0.36,0.34,0.35,-0.01,0.2,-6,6.2,2.5,2.67,-0.17,,770.5,,6,5.5,3.53,1.97
kendrick bourne,both,30,29,SFO,NWE,14,12,2,53,38,15,37,28,9,551,305,246,9.64,7.6,2.04,43,32,11,584,353,231,4296,2508,1788,13.59,14.07,-0.48,2,2,0,1,1,0,50.0%,50.0%,0,0,1,-1,7.1%,10.0%,-2.9,361,255,106,92.1,65.1,27,6.6,5.4,1.2,6.2,6.3,-0.1,0.4,-0.9,1.3,0,1,-1,0.0,0.1,-0.1,0.08,0.18,-0.1,-0.08,-0.08,0,0.24,0.21,0.03,-6.4,-7.6,1.2,1.53,1.2,0.33,,,,,3.79,3.17,0.62
troy franklin,both,22,21,DEN,DEN,17,16,1,104,53,51,65,28,37,709,263,446,17.81,9.65,8.16,69,31,38,1321,690,631,4488,3912,576,29.43,17.64,11.79,18,5,13,14,4,10,77.8%,57.1%,20.7,4,2,2,34.6%,15.9%,18.7,491,236,255,177.1,67.1,110,10.4,4.2,6.2,11.4,5.9,5.5,-1.0,-1.7,0.7,6,2,4,0.35,0.1,0.25,0.4,0.2,0.2,-0.04,-0.1,0.06,0.47,0.27,0.2,-2.6,-8.8,6.2,1.44,1.11,0.33,,,,,6.12,3.31,2.81
jalen nailor,both,26,25,MIN,MIN,17,17,0,53,42,11,29,28,1,444,414,30,11.32,8.12,3.2,30,32,-2,656,483,173,3757,3612,145,17.46,13.37,4.09,12,7,5,6,4,2,50.0%,57.1%,-7.1,4,4,0,27.3%,14.6%,12.7,421,357,64,100.7,103,-2.3,5.9,6.1,-0.2,6.0,5.1,0.9,-0.1,1,-1.1,4,6,-2,0.24,0.4,-0.16,0.27,0.25,0.02,-0.04,0.15,-0.19,0.29,0.22,0.07,-7.1,-6.9,-0.2,1.05,1.16,-0.11,,,,,3.12,2.47,0.65
brandin cooks,both,32,31,2TM,DAL,13,10,3,36,54,-18,24,26,-2,279,259,20,6.37,8.68,-2.31,27,27,0,516,634,-118,4787,4089,698,10.78,15.51,-4.73,1,8,-7,0,2,-2,0.0%,50.0%,-50,0,2,-2,1.4%,8.7%,-7.3,351,267,84,51.9,69.6,-17.7,4.0,7,-3,4.3,10.4,-6.1,-0.3,-3.4,3.1,0,3,-3,0.0,0.3,-0.3,0.08,0.43,-0.35,-0.08,-0.13,0.05,0.17,0.24,-0.07,-9.0,-6,-3,0.79,0.97,-0.18,,,,,2.77,5.4,-2.63
tyler johnson,both,27,26,NYJ,LAR,9,15,-6,18,41,-23,12,26,-14,197,291,-94,3.81,7.58,-3.77,14,27,-13,210,229,-19,3404,3552,-148,6.17,6.45,-0.28,3,10,-7,2,2,0,66.7%,25.0%,41.7,1,0,1,10.7%,18.2%,-7.5,171,196,-25,37.7,61.1,-23.4,4.2,5.6,-1.4,3.1,4.7,-1.6,1.1,0.9,0.2,1,1,0,0.11,0.1,0.01,0.05,0.17,-0.12,0.06,-0.07,0.13,0.1,0.16,-0.06,-8.8,-7.4,-1.4,1.15,1.48,-0.33,,,,,2.0,2.73,-0.73
malik washington,both,25,23,MIA,MIA,17,14,3,65,36,29,46,26,20,317,223,94,14.07,6.34,7.73,47,28,19,337,210,127,3362,2790,572,10.02,7.53,2.49,11,2,9,10,2,8,90.9%,100.0%,-9.1,3,0,3,35.5%,5.6%,29.9,366,214,152,116.7,54.8,61.9,6.9,3.9,3,6.9,4.4,2.5,0.0,-0.5,0.5,3,0,3,0.24,0.1,0.14,0.21,0.07,0.14,0.02,0.03,-0.01,0.28,0.15,0.13,-6.1,-9.1,3,0.87,1.04,-0.17,,,,,3.82,2.57,1.25
brandon aiyuk,both,27,26,SFO,SFO,0,7,-7,0,47,-47,0,25,-25,0,374,-374,0.0,9.16,-9.16,0,30,-30,0,572,-572,4130,3098,1032,0.0,18.46,-18.46,0,6,-6,0,3,-3,,50.0%,,0,0,0,0.0%,13.3%,-13.3,0,187,-187,0.0,62.4,-62.4,0.0,8.9,-8.9,0.0,12.1,-12.1,0.0,-3.2,3.2,0,0,0,0.0,0,0,0.0,0.29,-0.29,0.0,-0.29,0.29,0.0,0.27,-0.27,-13.0,-4.1,-8.9,,2,,,,,,0.0,6.71,-6.71
van jefferson,both,29,28,TEN,PIT,14,17,-3,52,40,12,29,24,5,350,276,74,9.81,8.7,1.11,30,24,6,623,465,158,4014,3111,903,15.52,14.95,0.57,3,8,-5,2,5,-3,66.7%,62.5%,4.2,1,2,-1,10.7%,25.0%,-14.3,374,342,32,70.0,63.6,6.4,5.0,4.2,0.8,5.8,4.5,1.3,-0.8,-0.3,-0.5,1,2,-1,0.07,0.1,-0.03,0.1,0.17,-0.07,-0.02,-0.07,0.05,0.26,0.24,0.02,-8.0,-8.8,0.8,0.94,0.81,0.13,,,,,3.71,2.35,1.36
john metchie,both,25,24,2TM,HOU,13,13,0,48,37,11,33,24,9,274,254,20,10.34,6.76,3.58,36,24,12,268,333,-65,4483,4229,254,5.98,7.87,-1.89,5,7,-2,1,5,-4,20.0%,62.5%,-42.5,1,1,0,8.6%,21.6%,-13,258,224,34,71.9,55.4,16.5,5.5,4.3,1.2,5.3,5,0.3,0.2,-0.7,0.9,2,1,1,0.15,0.1,0.05,0.08,0.18,-0.1,0.08,-0.08,0.16,0.2,0.16,0.04,-7.5,-8.7,1.2,1.06,1.13,-0.07,,,,,3.69,2.85,0.84
rashee rice,both,25,24,KAN,KAN,8,4,4,78,29,49,53,24,29,571,288,283,14.21,5.07,9.14,57,25,32,338,156,182,4533,2706,1827,7.46,5.76,1.7,18,2,16,11,2,9,61.1%,100.0%,-38.9,4,1,3,37.5%,4.1%,33.4,266,,,150.1,64.9,85.2,18.8,16.2,2.6,18.1,9.8,8.3,0.7,6.4,-5.7,5,2,3,0.75,0.4,0.35,0.79,0.09,0.7,-0.04,0.31,-0.35,0.27,0.12,0.15,5.8,3.2,2.6,2.15,,,,,,,9.75,7.25,2.5
adonai mitchell,both,23,22,2TM,IND,16,17,-1,74,55,19,33,23,10,453,312,141,13.96,11.18,2.78,35,27,8,1102,773,329,4380,4444,-64,25.16,17.39,7.77,8,5,3,3,0,3,37.5%,0.0%,37.5,1,0,1,11.8%,17.9%,-6.1,310,193,117,87.9,53.8,34.1,5.5,3.2,2.3,7.3,6.8,0.5,-1.8,-3.6,1.8,2,0,2,0.12,0,0.12,0.18,0.27,-0.09,-0.06,-0.27,0.21,0.39,0.29,0.1,-7.5,-9.8,2.3,1.46,1.62,-0.16,,524.5,,,4.62,3.24,1.38
justin watson,both,29,28,HOU,KAN,3,17,-14,4,32,-28,3,22,-19,30,289,-259,0.72,5.59,-4.87,3,24,-21,33,482,-449,4765,2706,2059,0.69,17.81,-17.12,2,3,-1,1,4,-3,50.0%,100.0%,-50,0,2,-2,4.2%,8.2%,-4,33,333,-300,6.0,62.9,-56.9,2.0,3.9,-1.9,2.4,3.4,-1,-0.4,0.5,-0.9,0,2,-2,0.0,0.1,-0.1,0.11,0.11,0,-0.11,-0.01,-0.1,0.02,0.21,-0.19,-11.0,-9.1,-1.9,0.91,0.87,0.04,,,,,1.33,1.88,-0.55
jordan whittington,both,25,24,LAR,LAR,15,15,0,25,28,-3,18,22,-4,171,293,-122,4.3,5.18,-0.88,20,22,-2,171,107,64,5428,3552,1876,3.15,3.01,0.14,1,2,-1,1,0,1,100.0%,0.0%,100,0,0,0,1.7%,2.3%,-0.6,217,119,98,36.3,52.5,-16.2,2.4,3.5,-1.1,2.8,3.5,-0.7,-0.4,0,-0.4,0,0,0,0.0,0,0,0.04,0.09,-0.05,-0.04,-0.09,0.05,0.09,0.1,-0.01,-10.6,-9.5,-1.1,0.79,2.46,-1.67,,,,,1.67,1.87,-0.2
mike williams,both,31,30,LAC,2TM,0,18,-18,0,34,-34,0,21,-21,0,298,-298,0.0,7.07,-7.07,0,23,-23,0,518,-518,4407,5041,-634,0.0,10.28,-10.28,0,2,-2,0,0,0,,0.0%,,0,0,0,0.0%,6.3%,-6.3,0,322,-322,0.0,56.8,-56.8,0.0,4.1,-4.1,0.0,4.2,-4.2,0.0,-0.1,0.1,0,1,-1,0.0,0.1,-0.1,0.0,0.14,-0.14,0.0,-0.04,0.04,0.0,0.18,-0.18,-13.0,-8.9,-4.1,,0.93,,,,,,0.0,1.89,-1.89
gabriel davis,both,26,25,BUF,JAX,6,10,-4,18,42,-24,12,20,-8,129,239,-110,3.76,8.05,-4.29,12,20,-8,159,562,-403,3614,3784,-170,4.4,14.85,-10.45,6,9,-3,4,5,-1,66.7%,45.5%,21.2,1,2,-1,17.1%,27.5%,-10.4,135,222,-87,30.9,53.9,-23,5.1,5.4,-0.3,6.0,8.4,-2.4,-0.8,-3,2.2,1,2,-1,0.17,0.2,-0.03,0.35,0.4,-0.05,-0.18,-0.2,0.02,0.09,0.22,-0.13,-7.9,-7.6,-0.3,0.96,1.08,-0.12,,,,,3.0,4.2,-1.2
cedrick wilson,both,30,29,MIA,NOR,6,15,-9,9,27,-18,5,20,-15,44,211,-167,1.95,5.22,-3.27,5,23,-18,79,197,-118,3362,3170,192,2.35,6.21,-3.86,3,1,2,1,1,0,33.3%,100.0%,-66.7,0,1,-1,9.7%,6.3%,3.4,78,184,-106,9.4,49.9,-40.5,1.6,3.3,-1.7,2.6,3.3,-0.7,-1.1,0,-1.1,0,1,-1,0.0,0.1,-0.1,0.12,0,0.12,-0.12,0.1,-0.22,0.05,0.12,-0.07,-11.4,-9.7,-1.7,0.56,1.15,-0.59,,,,,1.5,1.8,-0.3
robert woods,both,33,32,PIT,HOU,0,15,-15,0,30,-30,0,20,-20,0,203,-203,0.0,5.48,-5.48,0,21,-21,0,287,-287,3166,4229,-1063,0.0,6.79,-6.79,0,3,-3,0,1,-1,,50.0%,,0,0,0,0.0%,5.4%,-5.4,0,173,-173,0.0,38.3,-38.3,0.0,2.7,-2.7,0.0,3.6,-3.6,0.0,-0.9,0.9,0,0,0,0.0,0,0,0.0,0.11,-0.11,0.0,-0.11,0.11,0.0,0.13,-0.13,-13.0,-10.3,-2.7,,1.17,,,,,,0.0,2,-2
jahan dotson,both,25,24,PHI,PHI,15,17,-2,36,33,3,18,19,-1,262,216,46,7.76,7.89,-0.13,18,19,-1,555,327,228,4483,2519,1964,12.38,12.98,-0.6,5,1,4,0,0,0,0.0%,0.0%,0,0,0,0,16.7%,3.3%,13.4,413,353,60,50.2,41.9,8.3,3.3,2.5,0.8,4.1,3,1.1,-0.7,-0.5,-0.2,1,0,1,0.07,0,0.07,0.11,0.04,0.07,-0.04,-0.04,0,0.2,0.21,-0.01,-9.7,-10.5,0.8,0.63,0.61,0.02,,,,,2.4,1.94,0.46
marquez valdes-scantling,both,31,30,2TM,2TM,9,14,-5,29,44,-15,14,19,-5,120,411,-291,5.27,9.15,-3.88,14,21,-7,354,765,-411,4296,5041,-745,8.24,15.18,-6.94,5,2,3,2,1,1,40.0%,50.0%,-10,1,1,0,8.9%,12.5%,-3.6,233,263,-30,32.0,84.5,-52.5,3.6,6.5,-2.9,5.5,6.2,-0.7,-2.0,0.3,-2.3,1,4,-3,0.11,0.3,-0.19,0.2,0.2,0,-0.08,0.1,-0.18,0.14,0.24,-0.1,-9.4,-6.5,-2.9,0.52,1.56,-1.04,,,,,3.22,3.14,0.08
luke mccaffrey,both,24,23,WAS,WAS,9,17,-8,15,24,-9,11,18,-7,203,168,35,3.47,4.76,-1.29,11,19,-8,218,170,48,3998,3189,809,5.45,5.33,0.12,2,3,-1,1,2,-1,50.0%,66.7%,-16.7,1,0,1,6.2%,8.3%,-2.1,107,205,-98,51.3,34.8,16.5,5.7,2,3.7,3.3,2.5,0.8,2.4,-0.5,2.9,3,0,3,0.33,0,0.33,0.12,0.1,0.02,0.21,-0.1,0.31,0.09,0.11,-0.02,-7.3,-11,3.7,1.9,0.82,1.08,,,,,1.67,1.41,0.26
juju smith-schuster,both,29,28,KAN,KAN,17,14,3,45,26,19,33,18,15,345,231,114,8.2,4.55,3.65,35,20,15,244,145,99,4533,2706,1827,5.38,5.36,0.02,9,6,3,4,4,0,44.4%,66.7%,-22.3,1,2,-1,18.8%,12.2%,6.6,388,209,179,73.5,53.1,20.4,4.3,3.8,0.5,4.4,3.7,0.7,0.0,0.1,-0.1,1,2,-1,0.06,0.1,-0.04,0.13,0.1,0.03,-0.08,0,-0.08,0.16,0.11,0.05,-8.7,-9.2,0.5,0.89,1.11,-0.22,,,,,2.65,1.86,0.79
kalif raymond,both,31,30,DET,DET,15,12,3,30,22,8,24,17,7,289,215,74,5.45,4.21,1.24,24,17,7,169,176,-7,3732,2797,935,4.53,6.29,-1.76,2,1,1,1,2,-1,50.0%,100.0%,-50,0,1,-1,3.5%,3.8%,-0.3,217,122,95,66.8,56.5,10.3,4.5,4.7,-0.2,3.4,3.2,0.2,1.1,1.5,-0.4,1,2,-1,0.07,0.2,-0.13,0.04,0.04,0,0.03,0.16,-0.13,0.11,0.11,0,-8.5,-8.3,-0.2,1.33,1.76,-0.43,,,,,2.0,1.83,0.17
jonathan mingo,both,24,23,DAL,2TM,5,17,-12,5,42,-37,1,17,-16,25,167,-142,0.82,8.73,-7.91,2,19,-17,97,439,-342,5069,5041,28,1.91,8.71,-6.8,0,1,-1,0,0,0,,0.0%,,0,0,0,0.0%,2.2%,-2.2,41,245,-204,3.5,32.2,-28.7,0.7,2,-1.3,1.8,4.4,-2.6,-1.1,-2.4,1.3,0,0,0,0.0,0,0,0.02,0.09,-0.07,-0.02,-0.09,0.07,0.03,0.19,-0.16,-12.3,-11,-1.3,0.61,0.68,-0.07,,,,,1.0,2.47,-1.47
dj turner,both,28,27,LVR,LVR,1,12,-11,0,29,-29,0,16,-16,0,158,-158,0.0,4.9,-4.9,0,17,-17,0,255,-255,3199,3751,-552,0.0,6.8,-6.8,0,2,-2,0,1,-1,,25.0%,,0,1,-1,0.0%,14.3%,-14.3,0,223,-223,0.0,47.1,-47.1,0.0,3.6,-3.6,0.0,4.1,-4.1,0.0,-0.5,0.5,0,1,-1,0.0,0.2,-0.2,0.0,0.09,-0.09,0.0,0.11,-0.11,0.0,0.12,-0.12,-13.0,-9.4,-3.6,,0.71,,,,,,0.0,2.42,-2.42
nelson agholor,both,32,31,FA,BAL,0,14,-14,0,29,-29,0,14,-14,0,231,-231,0.0,6.35,-6.35,0,18,-18,0,389,-389,0,3332,-3332,0.0,11.67,-11.67,0,2,-2,0,2,-2,,100.0%,,0,2,-2,,11.1%,,0,189,-189,0.0,49.1,-49.1,0.0,3.8,-3.8,0.0,3.6,-3.6,0.0,0.2,-0.2,0,2,-2,0.0,0.1,-0.1,0.0,0.1,-0.1,0.0,0,0,0.0,0.18,-0.18,-13.0,-9.2,-3.8,,1.22,,,,,,0.0,2.07,-2.07
mason tipton,both,25,24,NOR,NOR,8,11,-3,17,26,-9,11,14,-3,76,99,-23,3.01,5.03,-2.02,11,15,-4,149,323,-174,4787,3170,1617,3.11,10.19,-7.08,2,1,1,1,1,0,50.0%,100.0%,-50,0,0,0,5.9%,6.3%,-0.4,179,219,-40,20.4,23.9,-3.5,2.5,2.2,0.3,3.6,4.1,-0.5,-1.0,-1.9,0.9,0,0,0,0.0,0,0,0.05,0.05,0,-0.05,-0.05,0,0.07,0.15,-0.08,-10.4,-10.8,0.4,0.42,0.45,-0.03,,,,,2.12,2.36,-0.24
jake bobo,both,27,26,SEA,SEA,5,17,-12,2,17,-15,2,13,-11,20,107,-87,0.44,2.99,-2.55,2,14,-12,14,138,-124,3758,3520,238,0.37,3.92,-3.55,0,2,-2,0,1,-1,,100.0%,,0,0,0,0.0%,2.9%,-2.9,36,141,-105,4.0,29.7,-25.7,0.8,1.7,-0.9,0.6,1.7,-1.1,0.2,0,0.2,0,1,-1,0.0,0.1,-0.1,0.0,0.05,-0.05,0.0,0.05,-0.05,0.01,0.07,-0.06,-12.2,-11.3,-0.9,0.56,0.76,-0.2,,,,,0.4,1,-0.6
derius davis,both,25,24,LAC,LAC,11,15,-4,3,17,-14,2,13,-11,10,112,-102,0.55,3.46,-2.91,2,13,-11,33,65,-32,4546,3626,920,0.73,1.79,-1.06,0,2,-2,0,2,-2,,100.0%,,0,1,-1,0.0%,7.1%,-7.1,54,,,3.5,40.1,-36.6,0.3,2.7,-2.4,0.5,2.6,-2.1,-0.2,0.1,-0.3,0,2,-2,0.0,0.2,-0.2,0.02,0.09,-0.07,-0.02,0.11,-0.13,0.01,0.06,-0.05,-12.7,-10.3,-2.4,0.19,,,,,,,0.27,1.13,-0.86
josh reynolds,both,30,29,NYJ,2TM,5,9,-4,21,24,-3,11,13,-2,101,194,-93,4.45,4.99,-0.54,11,13,-2,276,265,11,3404,5041,-1637,8.11,5.26,2.85,1,3,-2,0,2,-2,0.0%,100.0%,-100,0,1,-1,3.6%,5.0%,-1.4,163,192,-29,23.1,38.4,-15.3,4.6,4.8,-0.2,6.7,4.6,2.1,-2.1,0.2,-2.3,0,1,-1,0.0,0.1,-0.1,0.12,0.13,-0.01,-0.12,-0.03,-0.09,0.12,0.11,0.01,-8.4,-8.2,-0.2,0.62,1.01,-0.39,,,,,4.2,2.67,1.53
jalen brooks,both,25,24,ARI,DAL,5,14,-9,6,30,-24,3,12,-9,51,177,-126,0.99,4.82,-3.83,4,13,-9,68,404,-336,5069,4089,980,1.34,9.88,-8.54,0,4,-4,0,1,-1,,25.0%,,0,1,-1,0.0%,8.7%,-8.7,74,205,-131,8.1,35.7,-27.6,1.6,2.6,-1,1.8,4,-2.2,-0.2,-1.4,1.2,0,1,-1,0.0,0.1,-0.1,0.01,0.14,-0.13,-0.01,-0.04,0.03,0.02,0.14,-0.12,-11.4,-10.4,-1,0.69,0.86,-0.17,,,,,1.2,2.14,-0.94
mecole hardman,both,27,26,BUF,KAN,2,12,-10,1,14,-13,0,12,-12,0,90,-90,0.21,2.45,-2.24,0,12,-12,46,-14,60,3614,2706,908,1.27,-0.52,1.79,0,5,-5,0,4,-4,,80.0%,,0,0,0,0.0%,10.2%,-10.2,3,,,0.0,33.2,-33.2,0.0,2.8,-2.8,1.4,2.4,-1,-1.4,0.4,-1.8,0,0,0,0.0,0.1,-0.1,0.04,0.11,-0.07,-0.04,-0.01,-0.03,0.01,0.03,-0.02,-13.0,-10.2,-2.8,0.0,,,,,,,0.5,1.17,-0.67
xavier hutchinson,both,25,24,HOU,HOU,16,16,0,57,26,31,35,12,23,428,117,311,10.31,4.75,5.56,37,14,23,584,251,333,4765,4229,536,12.26,5.94,6.32,7,2,5,5,0,5,71.4%,0.0%,71.4,2,0,2,14.6%,2.7%,11.9,407,243,164,98.0,23.7,74.3,6.1,1.5,4.6,6.3,3.2,3.1,-0.2,-1.7,1.5,3,0,3,0.19,0,0.19,0.18,0.11,0.07,0.01,-0.11,0.12,0.24,0.11,0.13,-6.9,-11.5,4.6,1.05,0.48,0.57,,,,,3.56,1.62,1.94
ryan miller,both,25,24,TAM,TAM,9,11,-2,4,20,-16,2,12,-10,34,128,-94,0.74,3.55,-2.81,3,14,-11,70,175,-105,4504,3428,1076,1.55,5.11,-3.56,1,3,-2,1,2,-1,100.0%,66.7%,33.3,1,2,-1,2.2%,7.1%,-4.9,33,130,-97,11.4,36.8,-25.4,1.3,3.3,-2,0.9,3.4,-2.5,0.4,-0.1,0.5,1,2,-1,0.11,0.2,-0.09,0.04,0.14,-0.1,0.07,0.06,0.01,0.02,0.09,-0.07,-11.7,-9.7,-2,1.03,0.98,0.05,,,,,0.44,1.82,-1.38
trey palmer,both,24,23,NOR,TAM,0,15,-15,0,22,-22,0,12,-12,0,172,-172,0.0,3.91,-3.91,0,13,-13,0,318,-318,4678,3428,1250,0.0,9.28,-9.28,0,1,-1,0,2,-2,,100.0%,,0,1,-1,0.0%,4.8%,-4.8,0,162,-162,0.0,35.2,-35.2,0.0,2.3,-2.3,0.0,2.8,-2.8,0.0,-0.5,0.5,0,1,-1,0.0,0.1,-0.1,0.0,0.08,-0.08,0.0,0.02,-0.02,0.0,0.12,-0.12,-13.0,-10.7,-2.3,,1.06,,,,,,0.0,1.47,-1.47
dante pettis,both,30,29,NOR,NOR,8,8,0,11,28,-17,9,12,-3,127,120,7,1.95,5.42,-3.47,9,13,-4,105,282,-177,4787,3170,1617,2.19,8.9,-6.71,0,3,-3,0,0,0,,0.0%,,0,0,0,0.0%,6.3%,-6.3,78,,,19.7,32,-12.3,2.5,4,-1.5,2.1,5,-2.9,0.4,-1,1.4,0,1,-1,0.0,0.1,-0.1,0.02,0.17,-0.15,-0.02,-0.07,0.05,0.04,0.14,-0.1,-10.5,-9,-1.5,1.63,,,,,,,1.38,3.5,-2.12
jalynn polk,both,23,22,NOR,NWE,0,15,-15,0,33,-33,0,12,-12,0,87,-87,0.0,6.6,-6.6,0,16,-16,0,378,-378,4678,2508,2170,0.0,15.07,-15.07,0,4,-4,0,2,-2,,50.0%,,0,2,-2,0.0%,20.0%,-20,0,227,-227,0.0,32.7,-32.7,0.0,2.2,-2.2,0.0,4,-4,0.0,-1.8,1.8,0,2,-2,0.0,0.1,-0.1,0.0,0.13,-0.13,0.0,-0.03,0.03,0.0,0.2,-0.2,-13.0,-10.8,-2.2,,0.38,,,,,,0.0,2.2,-2.2
kevin austin,both,25,24,NOR,NOR,5,8,-3,23,22,1,13,11,2,140,151,-11,4.07,4.26,-0.19,17,13,4,191,256,-65,4787,3170,1617,3.99,8.08,-4.09,2,0,2,1,,,50.0%,,,1,,,5.9%,,,152,181,-29,33.0,27,6,6.6,3.4,3.2,7.2,5.7,1.5,-0.6,-2.3,1.7,1,0,1,0.2,0,0.2,0.13,0.11,0.02,0.07,-0.11,0.18,0.09,0.12,-0.03,-6.4,-9.6,3.2,0.92,0.83,0.09,,,,,4.6,2.75,1.85
devin duvernay,both,28,27,CHI,JAX,17,13,4,5,16,-11,2,11,-9,26,79,-53,0.94,3.07,-2.13,2,12,-10,75,183,-108,4944,3784,1160,1.52,4.84,-3.32,1,2,-1,1,2,-1,100.0%,100.0%,0,0,0,0,2.4%,5.0%,-2.6,25,115,-90,4.6,19.2,-14.6,0.3,1.5,-1.2,0.6,2.4,-1.8,-0.3,-0.9,0.6,0,0,0,0.0,0,0,0.04,0.06,-0.02,-0.04,-0.06,0.02,0.02,0.08,-0.06,-12.7,-11.5,-1.2,1.04,0.69,0.35,,,,,0.29,1.23,-0.94
tylan wallace,both,26,25,BAL,BAL,11,17,-6,8,12,-4,4,11,-7,45,193,-148,1.97,2.63,-0.66,4,12,-8,107,73,34,3422,3332,90,3.13,2.19,0.94,2,0,2,1,1,0,50.0%,100.0%,-50,1,0,1,8.0%,5.6%,2.4,90,,,14.5,36.3,-21.8,1.3,2.1,-0.8,1.5,,,-0.2,,,1,1,0,0.09,,,0.1,,,-0.01,,,0.05,0.05,0,-11.7,-10.9,-0.8,0.5,,,,,,,0.73,0.71,0.02
ryan flournoy,both,26,25,DAL,DAL,15,11,4,56,14,42,40,10,30,475,102,373,9.23,2.25,6.98,42,11,31,466,115,351,5069,4089,980,9.19,2.81,6.38,7,0,7,4,,,57.1%,,,3,,,12.5%,,,274,,,114.0,18.2,95.8,7.6,1.7,5.9,6.8,2.3,4.5,0.8,-0.6,1.4,4,0,4,0.27,0,0.27,0.23,0.02,0.21,0.03,-0.02,0.05,0.2,0.05,0.15,-5.4,-11.3,5.9,1.73,,,,,,,3.73,1.27,2.46
malik heath,both,25,24,GNB,GNB,7,13,-6,7,13,-6,6,10,-4,86,97,-11,1.52,2.8,-1.28,6,10,-4,65,84,-19,4283,3707,576,1.52,2.27,-0.75,0,2,-2,0,2,-2,,100.0%,,0,2,-2,0.0%,4.3%,-4.3,103,,,14.6,31.7,-17.1,2.1,2.6,-0.5,1.4,2.1,-0.7,0.7,0.5,0.2,0,2,-2,0.0,0.2,-0.2,0.01,0.09,-0.08,-0.01,0.11,-0.12,0.03,0.06,-0.03,-10.9,-10.4,-0.5,0.83,,,,,,,1.0,1,0
odell beckham,both,33,32,FA,MIA,0,9,-9,0,18,-18,0,9,-9,0,55,-55,0.0,3.17,-3.17,0,10,-10,0,164,-164,0,2790,-2790,0.0,5.88,-5.88,0,4,-4,0,1,-1,,25.0%,,0,0,0,,11.1%,,0,101,-101,0.0,14.5,-14.5,0.0,1.8,-1.8,0.0,3.8,-3.8,0.0,-2,2,0,0,0,0.0,0,0,0.0,0.15,-0.15,0.0,-0.15,0.15,0.0,0.09,-0.09,-13.0,-11.2,-1.8,,0.54,,,,,,0.0,2,-2
deandre carter,both,32,31,CLE,CHI,4,13,-9,0,14,-14,0,9,-9,0,72,-72,0.0,2.66,-2.66,0,9,-9,0,155,-155,3591,3708,-117,0.0,4.18,-4.18,0,3,-3,0,2,-2,,66.7%,,0,0,0,0.0%,5.5%,-5.5,0,,,0.0,14.2,-14.2,0.0,1.1,-1.1,0.0,3.5,-3.5,0.0,-2.4,2.4,0,0,0,0.0,0,0,0.0,0.14,-0.14,0.0,-0.14,0.14,0.0,0.07,-0.07,-13.0,-11.9,-1.1,,,,,,,,0.0,1.08,-1.08
jamison crowder,both,32,31,FA,WAS,0,6,-6,0,13,-13,0,9,-9,0,72,-72,0.0,2.58,-2.58,0,9,-9,0,108,-108,0,3189,-3189,0.0,3.39,-3.39,0,3,-3,0,3,-3,,100.0%,,0,2,-2,,8.3%,,0,,,0.0,26.2,-26.2,0.0,5.2,-5.2,0.0,3.9,-3.9,0.0,1.3,-1.3,0,2,-2,0.0,0.3,-0.3,0.0,0.16,-0.16,0.0,0.14,-0.14,0.0,0.06,-0.06,-13.0,-7.8,-5.2,,,,,,,,0.0,2.17,-2.17
rakim jarrett,both,24,23,PIT,TAM,0,10,-10,0,11,-11,0,9,-9,0,124,-124,0.0,1.95,-1.95,0,9,-9,0,127,-127,3166,3428,-262,0.0,3.7,-3.7,0,2,-2,0,1,-1,,50.0%,,0,0,0,0.0%,4.8%,-4.8,0,,,0.0,21.4,-21.4,0.0,2.1,-2.1,0.0,1.6,-1.6,0.0,0.5,-0.5,0,0,0,0.0,0,0,0.0,0.05,-0.05,0.0,-0.05,0.05,0.0,0.06,-0.06,-13.0,-10.9,-2.1,,,,,,,,0.0,1.1,-1.1
bub means,both,24,23,NOR,NOR,0,7,-7,0,15,-15,0,9,-9,0,118,-118,0.0,2.9,-2.9,0,10,-10,0,170,-170,4678,3170,1508,0.0,5.36,-5.36,0,1,-1,0,1,-1,,100.0%,,0,1,-1,0.0%,6.3%,-6.3,0,,,0.0,26.8,-26.8,0.0,3.8,-3.8,0.0,4.2,-4.2,0.0,-0.4,0.4,0,1,-1,0.0,0.2,-0.2,0.0,0.09,-0.09,0.0,0.11,-0.11,0.0,0.08,-0.08,-13.0,-9.2,-3.8,,,,,,,,0.0,2.14,-2.14
jalin hyatt,both,24,23,NYG,NYG,6,16,-10,14,19,-5,5,8,-3,35,62,-27,2.78,3.43,-0.65,5,10,-5,280,363,-83,4473,3532,941,6.26,10.28,-4.02,1,0,1,0,,,0.0%,,,0,,,3.0%,,,109,198,-89,8.5,14.2,-5.7,1.4,0.9,0.5,3.8,2.3,1.5,-2.4,-1.4,-1,0,0,0,0.0,0,0,0.1,0.03,0.07,-0.1,-0.03,-0.07,0.09,0.12,-0.03,-11.6,-12.1,0.5,0.32,0.31,0.01,,,,,2.33,1.19,1.14
zay jones,both,30,29,ARI,ARI,6,11,-5,18,11,7,12,8,4,183,84,99,2.92,2.1,0.82,12,8,4,241,95,146,4660,2668,1992,5.17,3.56,1.61,2,0,2,0,0,0,0.0%,0%,0,0,0,0,4.9%,0.0%,4.9,173,151,22,30.3,16.4,13.9,5.0,1.5,3.5,5.3,2.6,2.7,-0.3,-1.1,0.8,0,0,0,0.0,0,0,0.13,0.09,0.04,-0.13,-0.09,-0.04,0.08,0.06,0.02,-8.0,-11.5,3.5,1.06,0.56,0.5,,,,,3.0,1,2
bo melton,both,26,25,GNB,GNB,13,17,-4,13,17,-4,4,8,-4,107,91,16,2.83,3.66,-0.83,5,8,-3,222,303,-81,4283,3707,576,5.18,8.17,-2.99,0,1,-1,0,1,-1,,100.0%,,0,0,0,0.0%,2.2%,-2.2,50,,,24.2,22.5,1.7,1.9,1.3,0.6,1.8,2.1,-0.3,0.0,-0.8,0.8,1,0,1,0.08,0,0.08,0.02,0.07,-0.05,0.05,-0.07,0.12,0.08,0.11,-0.03,-11.1,-11.7,0.6,2.14,,,,,,,1.0,1,0
trent sherfield,both,29,28,2TM,MIN,4,17,-13,5,9,-4,3,8,-5,21,83,-62,0.86,1.74,-0.88,3,8,-5,45,71,-26,4488,3612,876,1.0,1.97,-0.97,2,1,1,1,1,0,50.0%,100.0%,-50,0,1,-1,2.2%,2.1%,0.1,81,,,5.1,22.3,-17.2,1.3,1.5,-0.2,2.2,,,-0.9,,,0,1,-1,0.0,,,0.08,,,-0.08,,,0.02,0.04,-0.02,-11.7,-11.5,-0.2,0.26,,,,,,,1.25,0.53,0.72
britain covey,both,28,27,PHI,PHI,6,5,1,4,8,-4,2,7,-5,20,34,-14,0.86,1.91,-1.05,3,8,-5,8,9,-1,4483,2519,1964,0.18,0.36,-0.18,0,2,-2,0,2,-2,,100.0%,,0,0,0,0.0%,6.7%,-6.7,27,,,4.0,10.4,-6.4,0.7,2.1,-1.4,0.9,2.9,-2,-0.2,-0.8,0.6,0,0,0,0.0,0,0,0.01,0.03,-0.02,-0.01,-0.03,0.02,0.01,0.03,-0.02,-12.3,-10.9,-1.4,0.74,,,,,,,0.67,1.6,-0.93
river cracraft,both,31,30,WAS,MIA,2,8,-6,0,9,-9,0,7,-7,0,66,-66,0.0,1.58,-1.58,0,8,-8,0,71,-71,3750,2790,960,0.0,2.54,-2.54,0,1,-1,0,,,,,,0,,,0.0%,,,0,,,0.0,13.6,-13.6,0.0,2.7,-2.7,0.0,1.8,-1.8,0.0,0.9,-0.9,0,0,0,0.0,0,0,0.0,0.05,-0.05,0.0,-0.05,0.05,0.0,0.04,-0.04,-13.0,-10.3,-2.7,,,,,,,,0.0,1.12,-1.12
khadarel hodge,both,31,29,ATL,ATL,8,17,-9,10,12,-2,3,7,-4,31,131,-100,1.93,2.23,-0.3,4,8,-4,150,130,20,4170,3790,380,3.6,3.43,0.17,0,2,-2,0,0,0,,0.0%,,0,0,0,0.0%,2.9%,-2.9,39,105,-66,6.1,32.1,-26,0.8,2,-1.2,2.1,,,-1.3,,,0,1,-1,0.0,,,0.03,,,-0.03,,,0.05,0.06,-0.01,-12.2,-11,-1.2,0.79,1.25,-0.46,,,,,1.25,0.71,0.54
kj osborn,both,28,27,ATL,NWE,0,7,-7,0,18,-18,0,7,-7,0,57,-57,0.0,3.6,-3.6,0,8,-8,0,107,-107,4184,2508,1676,0.0,4.27,-4.27,0,3,-3,0,2,-2,,66.7%,,0,0,0,0.0%,15.0%,-15,0,120,-120,0.0,18.7,-18.7,0.0,2.7,-2.7,0.0,3.5,-3.5,0.0,-0.8,0.8,0,1,-1,0.0,0.1,-0.1,0.0,0.1,-0.1,0.0,0,0,0.0,0.08,-0.08,-13.0,-10.3,-2.7,,0.48,,,,,,0.0,2.57,-2.57
brandon powell,both,30,29,FA,MIN,0,17,-17,0,10,-10,0,7,-7,0,71,-71,0.0,1.93,-1.93,0,7,-7,0,101,-101,0,3612,-3612,0.0,2.8,-2.8,0,0,0,0,1,-1,,100.0%,,0,0,0,,2.1%,,0,112,-112,0.0,14.1,-14.1,0.0,0.8,-0.8,0.0,,,0.0,,,0,0,0,0.0,,,0.0,,,0.0,,,0.0,0.05,-0.05,-13.0,-12.2,-0.8,,0.63,,,,,,0.0,0.59,-0.59
jalen reagor,both,26,25,LAC,LAC,0,8,-8,0,12,-12,0,7,-7,0,100,-100,0.0,2.44,-2.44,0,7,-7,0,123,-123,4407,3626,781,0.0,3.39,-3.39,0,0,0,0,0,0,,0%,,0,0,0,0.0%,0.0%,0,0,,,0.0,14.7,-14.7,0.0,1.8,-1.8,0.0,2.7,-2.7,0.0,-0.9,0.9,0,0,0,0.0,0,0,0.0,0.05,-0.05,0.0,-0.05,0.05,0.0,0.06,-0.06,-13.0,-11.2,-1.8,,,,,,,,0.0,1.5,-1.5
ainias smith,both,24,23,CAR,PHI,0,7,-7,0,9,-9,0,7,-7,0,41,-41,0.0,2.15,-2.15,0,7,-7,0,12,-12,3259,2519,740,0.0,0.48,-0.48,0,1,-1,0,,,,,,0,,,0.0%,,,0,,,0.0,17.7,-17.7,0.0,2.5,-2.5,0.0,2.5,-2.5,0.0,0,0,0,1,-1,0.0,0.1,-0.1,0.0,0.06,-0.06,0.0,0.04,-0.04,0.0,0.04,-0.04,-13.0,-10.5,-2.5,,,,,,,,0.0,1.29,-1.29
michael woods,both,25,24,FA,CLE,0,5,-5,0,17,-17,0,7,-7,0,65,-65,0.0,2.68,-2.68,0,9,-9,0,204,-204,0,4491,-4491,0.0,4.54,-4.54,0,3,-3,0,1,-1,,25.0%,,0,0,0,,13.8%,,0,,,0.0,13.5,-13.5,0.0,2.7,-2.7,0.0,,,0.0,,,0,0,0,0.0,,,0.0,,,0.0,,,0.0,0.07,-0.07,-13.0,-10.3,-2.7,,,,,,,,0.0,3.4,-3.4
parris campbell,both,28,27,DAL,PHI,1,5,-4,0,8,-8,0,6,-6,0,30,-30,0.0,1.91,-1.91,0,6,-6,0,34,-34,4925,2519,2406,0.0,1.35,-1.35,0,1,-1,0,1,-1,,100.0%,,0,1,-1,0.0%,3.3%,-3.3,0,,,0.0,15,-15,0.0,3.8,-3.8,0.0,2.8,-2.8,0.0,1,-1,0,1,-1,0.0,0.2,-0.2,0.0,0.12,-0.12,0.0,0.08,-0.08,0.0,0.04,-0.04,-13.0,-9.2,-3.8,,,,,,,,0.0,1.6,-1.6
chris conley,both,33,32,FA,SFO,0,15,-15,0,12,-12,0,6,-6,0,76,-76,0.0,2.34,-2.34,0,6,-6,0,209,-209,0,3098,-3098,0.0,6.75,-6.75,0,1,-1,0,0,0,,0.0%,,0,0,0,,2.2%,,0,,,0.0,13.6,-13.6,0.0,1.5,-1.5,0.0,1.6,-1.6,0.0,-0.1,0.1,0,0,0,0.0,0,0,0.0,0.05,-0.05,0.0,-0.05,0.05,0.0,0.08,-0.08,-13.0,-11.5,-1.5,,,,,,,,0.0,0.8,-0.8
simi fehoko,both,28,27,ARI,LAC,7,8,-1,0,16,-16,0,6,-6,0,106,-106,0.0,3.26,-3.26,0,8,-8,0,236,-236,4450,3626,824,0.0,6.51,-6.51,0,1,-1,0,0,0,,0.0%,,0,0,0,0.0%,7.1%,-7.1,0,110,-110,0.0,16.6,-16.6,0.0,2.8,-2.8,0.0,4.7,-4.7,0.0,-1.9,1.9,0,0,0,0.0,0,0,0.0,0.23,-0.23,0.0,-0.23,0.23,0.0,0.09,-0.09,-13.0,-10.2,-2.8,,0.96,,,,,,0.0,2,-2
xavier gipson,both,24,23,PHI,NYJ,6,17,-11,2,10,-8,2,6,-4,6,39,-33,0.42,1.7,-1.28,2,7,-5,-9,112,-121,3404,3922,-518,-0.26,2.86,-3.12,1,1,0,1,1,0,100.0%,100.0%,0,0,1,-1,3.3%,1.6%,1.7,3,125,-122,2.6,14.4,-11.8,0.4,0.8,-0.4,0.5,,,-0.1,,,0,1,-1,0.0,,,0.01,,,-0.01,,,0.0,0.05,-0.05,-12.6,-12.2,-0.4,2.0,0.31,1.69,,,,,0.33,0.59,-0.26
bryce oliver,both,25,24,TEN,TEN,2,10,-8,1,9,-8,1,6,-5,8,95,-87,0.19,1.78,-1.59,1,6,-5,6,95,-89,4014,4023,-9,0.15,2.36,-2.21,0,1,-1,0,0,0,,0.0%,,0,0,0,0.0%,3.8%,-3.8,22,,,1.8,15.5,-13.7,0.9,1.6,-0.7,0.7,1.5,-0.8,0.2,0.1,0.1,0,0,0,0.0,0,0,0.0,0.02,-0.02,0.0,-0.02,0.02,0.0,0.04,-0.04,-12.1,-11.4,-0.7,0.36,,,,,,,0.5,0.9,-0.4
scott miller,both,28,27,PIT,PIT,5,13,-8,14,9,5,9,5,4,62,69,-7,2.68,1.96,0.72,9,,,74,,,3280,3111,169,2.26,,,2,,,1,,,50.0%,,,0,,,7.1%,,,100,,,15.2,,,3.0,,,4.4,,,-1.4,,,0,,,0.0,,,0.11,,,-0.11,,,0.06,,,-10.0,,,0.62,,,,,,,2.8,0.69,2.11
laviska shenault,both,27,26,BUF,SEA,0,11,-11,0,5,-5,0,5,-5,0,36,-36,0.0,0.88,-0.88,0,5,-5,0,-10,10,3492,3520,-28,0.0,-0.28,0.28,0,0,0,0,,,,,,0,,,0.0%,,,0,,,0.0,10.7,-10.7,0.0,1.1,-1.1,0.0,,,0.0,,,0,0,0,0.0,,,0.0,,,0.0,,,0.0,0.01,-0.01,-13.0,-11.9,-1.1,,,,,,,,0.0,0.45,-0.45
ben skowronek,both,28,27,PIT,PIT,16,10,6,6,5,1,4,5,-1,69,69,0,1.15,1.09,0.06,4,5,-1,61,40,21,3280,3111,169,1.86,1.29,0.57,1,0,1,0,,,0.0%,,,0,,,3.6%,,,56,,,16.9,11.9,5,1.1,1.2,-0.1,0.7,,,0.4,,,1,0,1,0.06,,,0.03,,,0.04,,,0.03,0.03,0,-11.9,-11.8,-0.1,1.23,,,,,,,0.38,0.5,-0.12
johnny wilson,both,24,23,PHI,PHI,0,16,-16,0,15,-15,0,5,-5,0,38,-38,0.0,3.59,-3.59,0,6,-6,0,147,-147,4212,2519,1693,0.0,5.84,-5.84,0,3,-3,0,1,-1,,33.3%,,0,1,-1,0.0%,10.0%,-10,0,137,-137,0.0,14.8,-14.8,0.0,0.9,-0.9,0.0,2.1,-2.1,0.0,-1.2,1.2,0,1,-1,0.0,0.1,-0.1,0.0,0.12,-0.12,0.0,-0.02,0.02,0.0,0.09,-0.09,-13.0,-12.1,-0.9,,0.28,,,,,,0.0,0.94,-0.94
treylon burks,both,25,24,WAS,TEN,8,5,3,22,8,14,10,4,6,130,34,96,5.09,1.58,3.51,10,6,4,296,135,161,3998,4023,-25,7.4,3.36,4.04,4,0,4,1,,,25.0%,,,1,,,12.5%,,,154,,,29.0,7.5,21.5,3.6,1.5,2.1,5.1,3,2.1,-1.5,-1.5,0,1,0,1,0.12,0,0.12,0.26,0.04,0.22,-0.13,-0.04,-0.09,0.13,0.05,0.08,-9.4,-11.5,2.1,0.84,,,,,,,2.75,1.6,1.15
jermaine burton,both,24,23,CIN,CIN,0,14,-14,0,14,-14,0,4,-4,0,107,-107,0.0,2.23,-2.23,0,5,-5,0,296,-296,4565,3630,935,0.0,8.15,-8.15,0,4,-4,0,1,-1,,25.0%,,0,0,0,0.0%,5.3%,-5.3,0,,,0.0,14.7,-14.7,0.0,1.1,-1.1,0.0,2.2,-2.2,0.0,-1.1,1.1,0,0,0,0.0,0,0,0.0,0.14,-0.14,0.0,-0.14,0.14,0.0,0.09,-0.09,-13.0,-11.9,-1.1,,,,,,,,0.0,1,-1
dj chark,both,29,28,FA,LAC,0,7,-7,0,10,-10,0,4,-4,0,31,-31,0.0,2.04,-2.04,0,4,-4,0,115,-115,0,3626,-3626,0.0,3.17,-3.17,0,2,-2,0,,,,,,0,,,,,,0,,,0.0,13.1,-13.1,0.0,3.3,-3.3,0.0,,,0.0,,,0,1,-1,0.0,,,0.0,,,0.0,,,0.0,0.05,-0.05,-13.0,-9.7,-3.3,,,,,,,,0.0,1.43,-1.43
jacob cowing,both,24,23,SFO,SFO,0,15,-15,0,6,-6,0,4,-4,0,80,-80,0.0,1.17,-1.17,0,4,-4,0,76,-76,4130,3098,1032,0.0,2.45,-2.45,0,2,-2,0,1,-1,,50.0%,,0,0,0,0.0%,4.4%,-4.4,0,,,0.0,10.7,-10.7,0.0,0.7,-0.7,0.0,,,0.0,,,0,0,0,0.0,,,0.0,,,0.0,,,0.0,0.03,-0.03,-13.0,-12.3,-0.7,,,,,,,,0.0,0.4,-0.4
deven thompkins,both,26,25,ATL,CAR,7,7,0,3,4,-1,3,4,-1,27,20,7,0.58,0.77,-0.19,3,4,-1,7,-8,15,4170,4054,116,0.17,-0.2,0.37,0,1,-1,0,1,-1,,100.0%,,0,0,0,0.0%,2.2%,-2.2,9,,,6.2,6.7,-0.5,0.9,1.3,-0.4,0.7,,,0.1,,,0,0,0,0.0,,,0.0,,,0.0,,,0.01,0.01,0,-12.1,-11.7,-0.4,3.0,,,,,,,0.43,0.57,-0.14
tyquan thornton,both,25,24,KAN,NWE,12,6,6,37,8,29,19,4,15,438,47,391,6.74,1.6,5.14,22,4,18,995,126,869,4533,2508,2025,21.95,5.02,16.93,4,1,3,2,1,1,50.0%,100.0%,-50,2,0,2,8.3%,5.0%,3.3,258,,,80.8,8.7,72.1,6.7,2.2,4.5,6.4,3.4,3,0.4,-1.2,1.6,3,0,3,0.25,0,0.25,0.34,0.07,0.27,-0.09,-0.07,-0.02,0.25,0.06,0.19,-6.3,-10.8,4.5,1.7,,,,,,,3.08,1.33,1.75
alex bachman,both,29,28,LVR,LVR,11,6,5,3,3,0,2,3,-1,12,31,-19,0.61,0.51,0.1,2,3,-1,14,21,-7,3208,3751,-543,0.44,0.56,-0.12,0,0,0,0,0,0,,0%,,0,0,0,0.0%,0.0%,0,17,,,3.2,6.1,-2.9,0.3,1.2,-0.9,0.4,,,-0.1,,,0,0,0,0.0,,,0.0,,,0.0,,,0.01,0.01,0,-12.7,-11.8,-0.9,0.71,,,,,,,0.27,0.5,-0.23
david bell,both,25,24,CLE,CLE,0,1,-1,0,3,-3,0,3,-3,0,27,-27,0.0,0.47,-0.47,0,3,-3,0,19,-19,3591,4491,-900,0.0,0.42,-0.42,0,1,-1,0,1,-1,,100.0%,,0,0,0,0.0%,3.4%,-3.4,0,,,0.0,5.7,-5.7,0.0,5.7,-5.7,0.0,3.1,-3.1,0.0,2.6,-2.6,0,0,0,0.0,0,0,0.0,0.13,-0.13,0.0,-0.13,0.13,0.0,0.01,-0.01,-13.0,-7.3,-5.7,,,,,,,,0.0,3,-3
dan chisena,both,28,27,CAR,CAR,0,6,-6,0,4,-4,0,3,-3,0,37,-37,0.0,0.77,-0.77,0,3,-3,0,30,-30,3259,4054,-795,0.0,0.74,-0.74,0,0,0,0,,,,,,0,,,0.0%,,,0,,,0.0,6.7,-6.7,0.0,1.1,-1.1,0.0,,,0.0,,,0,0,0,0.0,,,0.0,,,0.0,,,0.0,0.02,-0.02,-13.0,-11.9,-1.1,,,,,,,,0.0,0.67,-0.67
malachi corley,both,23,22,CLE,NYJ,12,9,3,14,6,8,11,3,8,79,16,63,2.68,1.02,1.66,11,3,8,-7,50,-57,3785,3922,-137,-0.18,1.27,-1.45,1,2,-1,1,0,1,100.0%,0.0%,100,0,0,0,5.3%,3.3%,2,76,,,31.6,5.2,26.4,2.6,0.7,1.9,2.5,2.1,0.4,0.1,-1.4,1.5,0,0,0,0.0,0,0,0.07,0.15,-0.08,-0.07,-0.15,0.08,0.04,0.02,0.02,-10.4,-12.3,1.9,1.04,,,,,,,1.17,0.67,0.5
dwayne eskridge,both,28,27,MIA,MIA,11,6,5,7,3,4,4,3,1,62,44,18,1.52,0.53,0.99,4,,,98,,,3362,2790,572,2.91,,,0,,,0,,,,,,0,,,0.0%,,,57,,,10.2,,,0.9,,,0.8,,,0.1,,,0,,,0.0,,,0.0,,,0.0,,,0.04,,,-12.1,,,1.09,,,,,,,0.64,0.5,0.14
trenton irwin,both,30,29,NYJ,CIN,0,7,-7,0,10,-10,0,3,-3,0,15,-15,0.0,1.59,-1.59,0,4,-4,0,62,-62,3218,3630,-412,0.0,1.71,-1.71,0,6,-6,0,2,-2,,33.3%,,0,0,0,0.0%,8.0%,-8,0,,,0.0,4.5,-4.5,0.0,0.8,-0.8,0.0,3.6,-3.6,0.0,-2.8,2.8,0,0,0,0.0,0,0,0.0,0.33,-0.33,0.0,-0.33,0.33,0.0,0.04,-0.04,-13.0,-12.2,-0.8,,,,,,,,0.0,1.43,-1.43
tim jones,both,27,26,JAX,JAX,2,17,-15,1,5,-4,1,3,-2,15,41,-26,0.18,0.96,-0.78,1,3,-2,4,40,-36,4880,3784,1096,0.08,1.06,-0.98,0,0,0,0,,,,,,0,,,0.0%,,,11,,,2.5,7.1,-4.6,1.2,0.9,0.3,0.7,,,0.5,,,0,0,0,0.0,,,0.0,,,0.0,,,0.0,0.02,-0.02,-11.8,-12.1,0.3,1.36,,,,,,,0.5,0.29,0.21
terrace marshall,both,25,24,PHI,LVR,0,7,-7,0,6,-6,0,3,-3,0,41,-41,0.0,1.01,-1.01,0,3,-3,0,52,-52,4212,3751,461,0.0,1.39,-1.39,0,0,0,0,,,,,,0,,,0.0%,,,0,,,0.0,7.1,-7.1,0.0,1.4,-1.4,0.0,,,0.0,,,0,0,0,0.0,,,0.0,,,0.0,,,0.0,0.02,-0.02,-13.0,-11.6,-1.4,,,,,,,,0.0,0.86,-0.86
james proche,both,29,28,TEN,CLE,6,9,-3,12,3,9,6,3,3,65,21,44,2.26,0.47,1.79,6,3,3,175,17,158,4014,4491,-477,4.36,0.38,3.98,0,0,0,0,,,,,,0,,,0.0%,,,110,,,12.5,3.1,9.4,2.1,0.3,1.8,2.8,,,-0.7,,,0,0,0,0.0,,,0.02,,,-0.02,,,0.06,0.01,0.05,-10.9,-12.7,1.8,0.59,,,,,,,2.0,0.33,1.67
allen robinson,both,32,31,FA,DET,0,12,-12,0,7,-7,0,3,-3,0,30,-30,0.0,1.34,-1.34,0,4,-4,0,51,-51,0,2797,-2797,0.0,1.82,-1.82,0,0,0,0,,,,,,0,,,,,,0,,,0.0,6,-6,0.0,1,-1,0.0,,,0.0,,,0,0,0,0.0,,,0.0,,,0.0,,,0.0,0.03,-0.03,-13.0,-12,-1,,,,,,,,0.0,0.58,-0.58
jamari thrash,both,25,24,CLE,CLE,8,9,-1,15,7,8,10,3,7,107,22,85,2.87,1.1,1.77,10,5,5,102,51,51,3785,4491,-706,2.69,1.14,1.55,1,0,1,1,,,100.0%,,,0,,,5.3%,,,136,,,20.7,5.2,15.5,2.6,0.6,2,2.4,,,0.1,,,0,0,0,0.0,,,0.01,,,-0.01,,,0.06,0.02,0.04,-10.4,-12.4,2,0.79,,,,,,,1.88,0.78,1.1
ronnie bell,both,25,24,NOR,SFO,2,9,-7,4,6,-2,2,2,0,23,22,1,0.71,1.17,-0.46,2,4,-2,78,65,13,4787,3098,1689,1.63,2.1,-0.47,2,1,1,1,1,0,50.0%,100.0%,-50,1,0,1,5.9%,2.2%,3.7,22,,,10.3,4.2,6.1,5.2,1.1,4.1,4.0,,,1.1,,,1,0,1,0.5,,,0.29,,,0.21,,,0.02,0.03,-0.01,-7.8,-11.9,4.1,1.05,,,,,,,2.0,0.67,1.33
grant dubose,both,24,23,BUF,MIA,0,3,-3,0,4,-4,0,2,-2,0,11,-11,0.0,0.7,-0.7,0,2,-2,0,47,-47,3492,2790,702,0.0,1.68,-1.68,0,0,0,0,,,,,,0,,,0.0%,,,0,,,0.0,3.1,-3.1,0.0,1.6,-1.6,0.0,2.3,-2.3,0.0,-0.7,0.7,0,0,0,0.0,0,0,0.0,0.04,-0.04,0.0,-0.04,0.04,0.0,0.02,-0.02,-13.0,-11.4,-1.6,,,,,,,,0.0,1.33,-1.33
ashton dulin,both,28,27,IND,IND,12,15,-3,10,8,2,5,2,3,106,67,39,1.89,1.63,0.26,5,3,2,158,154,4,4380,4444,-64,3.61,3.47,0.14,1,1,0,1,0,1,100.0%,0.0%,100,0,0,0,2.5%,2.6%,-0.1,76,,,20.0,19.2,0.8,1.7,1.3,0.4,2.0,,,-0.3,,,0,1,-1,0.0,,,0.06,,,-0.06,,,0.05,0.05,0,-11.3,-11.7,0.4,1.39,,,,,,,0.83,0.53,0.3
isaiah hodgins,both,27,26,NYG,NYG,6,3,3,19,2,17,10,2,8,115,12,103,3.78,0.36,3.42,10,,,207,,,4473,3532,941,4.63,,,4,,,1,,,25.0%,,,1,,,12.1%,,,207,,,27.5,3.2,24.3,4.6,1.6,3,5.7,,,-1.1,,,1,0,1,0.17,,,0.3,,,-0.14,,,0.09,,,-8.4,-11.4,3,0.56,,,,,,,3.17,0.67,2.5
mason kinsey,both,27,26,TEN,TEN,6,6,0,4,2,2,2,2,0,48,17,31,0.75,0.39,0.36,3,,,92,,,4014,4023,-9,2.29,,,0,,,0,,,,,,0,,,0.0%,,,44,,,6.8,3.7,3.1,1.1,0.6,0.5,1.2,,,-0.1,,,0,0,0,0.0,,,0.04,,,-0.04,,,0.03,,,-11.9,-12.4,0.5,1.09,,,,,,,0.67,0.33,0.34
nikko remigio,both,26,25,KAN,KAN,14,5,9,1,6,-5,1,2,-1,21,48,-27,0.18,1.05,-0.87,1,3,-2,18,64,-46,4533,2706,1827,0.4,2.37,-1.97,0,0,0,0,,,,,,0,,,0.0%,,,8,,,4.2,6.8,-2.6,0.3,1.4,-1.1,0.2,,,0.1,,,0,0,0,0.0,,,0.0,,,0.0,,,0.01,0.03,-0.02,-12.7,-11.6,-1.1,2.62,,,,,,,0.07,1.2,-1.13
xavier smith,both,28,27,LAR,LAR,16,15,1,24,2,22,18,2,16,303,6,297,4.13,0.37,3.76,19,,,405,,,5428,3552,1876,7.46,,,3,,,3,,,100.0%,,,0,,,5.2%,,,150,,,48.3,6.2,42.1,3.0,0.4,2.6,2.7,,,0.3,,,0,0,0,0.0,,,0.06,,,-0.06,,,0.11,,,-10.0,-12.6,2.6,2.02,,,,,,,1.5,0.13,1.37
austin trammell,both,27,26,JAX,JAX,6,1,5,10,3,7,3,2,1,46,40,6,1.83,0.57,1.26,4,,,130,,,4880,3784,1096,2.66,,,1,,,0,,,0.0%,,,0,,,2.0%,,,48,,,7.6,4,3.6,1.3,4,-2.7,3.2,2,1.2,-1.9,2,-3.9,0,0,0,0.0,0,0,0.13,0,0.13,-0.13,0,-0.13,0.05,,,-11.7,-9,-2.7,0.96,,,,,,,1.67,3,-1.33
cody white,both,27,26,SEA,SEA,8,4,4,4,3,1,3,2,1,90,44,46,0.88,0.53,0.35,3,,,39,,,3758,3520,238,1.04,,,0,,,0,,,,,,0,,,0.0%,,,45,,,18.0,6.4,11.6,2.2,1.6,0.6,0.9,1.6,-0.7,1.4,0,1.4,1,0,1,0.12,0,0.12,0.0,0.04,-0.04,0.12,-0.04,0.16,0.02,,,-10.8,-11.4,0.6,2.0,,,,,,,0.5,0.75,-0.25
kristian wilkerson,both,28,27,BUF,LVR,0,3,-3,0,3,-3,0,2,-2,0,18,-18,0.0,0.51,-0.51,0,,,0,,,3492,3751,-259,0.0,,,0,,,0,2,-2,,66.7%,,0,1,-1,0.0%,10.7%,-10.7,0,,,0.0,9.8,-9.8,0.0,9.8,-9.8,0.0,3.1,-3.1,0.0,6.7,-6.7,0,1,-1,0.0,0.5,-0.5,0.0,0.24,-0.24,0.0,0.26,-0.26,0.0,,,-13.0,-3.2,-9.8,,,,,,,,0.0,1,-1
isaiah williams,both,24,23,NYJ,DET,15,2,13,36,3,33,26,2,24,193,6,187,7.63,0.57,7.06,29,,,122,,,3404,2797,607,3.58,,,1,,,1,,,100.0%,,,0,,,3.6%,,,212,,,60.7,2.6,58.1,4.0,0.3,3.7,3.2,,,0.8,,,0,0,0,0.0,,,0.02,,,-0.02,,,0.14,,,-9.0,-12.7,3.7,0.91,,,,,,,2.4,1.5,0.9
javon baker,both,23,22,SFO,NWE,0,11,-11,0,4,-4,0,1,-1,0,12,-12,0.0,0.8,-0.8,0,1,-1,0,50,-50,4130,2508,1622,0.0,1.99,-1.99,0,0,0,0,,,,,,0,,,0.0%,,,0,,,0.0,2.2,-2.2,0.0,0.2,-0.2,0.0,,,0.0,,,0,0,0,0.0,,,0.0,,,0.0,,,0.0,0.03,-0.03,-13.0,-12.8,-0.2,,,,,,,,0.0,0.36,-0.36
chris blair,both,28,27,ATL,ATL,1,4,-3,0,2,-2,0,1,-1,0,17,-17,0.0,0.37,-0.37,0,,,0,,,4184,3790,394,0.0,,,0,,,0,,,,,,0,,,0.0%,,,0,,,0.0,2.7,-2.7,0.0,0.9,-0.9,0.0,,,0.0,,,0,0,0,0.0,,,0.0,,,0.0,,,0.0,,,-13.0,-12.1,-0.9,,,,,,,,0.0,0.5,-0.5
robbie chosen,both,32,31,WAS,MIA,3,2,1,9,4,5,5,1,4,53,5,48,2.08,0.7,1.38,5,1,4,131,47,84,3998,2790,1208,3.28,1.68,1.6,0,2,-2,0,0,0,,0.0%,,0,0,0,0.0%,5.6%,-5.6,45,,,10.3,1.5,8.8,3.4,1.5,1.9,5.2,3.8,1.4,-1.7,-2.3,0.6,0,0,0,0.0,0,0,0.13,0.29,-0.16,-0.13,-0.29,0.16,0.05,0.02,0.03,-9.6,-11.5,1.9,1.18,,,,,,,3.0,2,1
jaelon darden,both,26,25,FA,CLE,0,7,-7,0,1,-1,0,1,-1,0,6,-6,0.0,0.16,-0.16,0,,,0,,,0,4491,-4491,0.0,,,0,,,0,,,,,,0,,,,,,0,,,0.0,1.6,-1.6,0.0,0.1,-0.1,0.0,,,0.0,,,0,0,0,0.0,,,0.0,,,0.0,,,0.0,,,-13.0,-12.9,-0.1,,,,,,,,0.0,0.14,-0.14
anthony gould,both,24,23,IND,IND,11,8,3,2,1,1,2,1,1,6,23,-17,0.38,0.2,0.18,2,,,-2,,,4380,4444,-64,-0.05,,,0,,,0,,,,,,0,,,0.0%,,,31,,,2.6,3.3,-0.7,0.2,0.4,-0.2,0.2,,,0.0,,,0,0,0,0.0,,,0.0,,,0.0,,,0.01,,,-12.8,-12.6,-0.2,0.19,,,,,,,0.18,0.12,0.06
jhaquan jackson,both,25,24,NOR,TEN,0,12,-12,0,3,-3,0,1,-1,0,8,-8,0.0,0.59,-0.59,0,,,0,,,4678,4023,655,0.0,,,0,,,0,,,,,,0,,,0.0%,,,0,,,0.0,-2.7,2.7,0.0,-0.2,0.2,0.0,,,0.0,,,0,0,0,0.0,,,0.0,,,0.0,,,0.0,,,-13.0,-13.2,0.2,,,,,,,,0.0,0.25,-0.25
brandon johnson,both,22,26,PHI,PIT,2,3,-1,0,1,-1,0,1,-1,0,9,-9,0.0,0.22,-0.22,0,,,0,,,4212,3111,1101,0.0,,,0,,,0,,,,,,0,,,0.0%,,,0,,,0.0,1.9,-1.9,0.0,0.6,-0.6,0.0,,,0.0,,,0,0,0,0.0,,,0.0,,,0.0,,,0.0,,,-13.0,-12.4,-0.6,,,,,,,,0.0,0.33,-0.33
collin johnson,both,28,27,LVR,CHI,0,9,-9,0,2,-2,0,1,-1,0,6,-6,0.0,0.38,-0.38,0,,,0,,,3199,3708,-509,0.0,,,0,,,0,,,,,,0,,,0.0%,,,0,,,0.0,1.6,-1.6,0.0,0.3,-0.3,0.0,,,0.0,,,0,0,0,0.0,,,0.0,,,0.0,,,0.0,,,-13.0,-12.7,-0.3,,,,,,,,0.0,0.22,-0.22
charlie jones,both,27,26,CIN,CIN,14,8,6,1,1,0,0,1,-1,0,5,-5,0.16,0.16,0,0,,,42,,,4707,3630,1077,0.89,,,0,,,0,,,,,,0,,,0.0%,,,12,,,6.0,5.5,0.5,0.4,0.7,-0.3,0.2,,,0.2,,,0,0,0,0.0,,,0.02,,,-0.02,,,0.01,,,-12.6,-12.3,-0.3,0.0,,,,,,,0.07,0.12,-0.05
velus jones,both,28,27,SEA,CHI,5,1,4,0,1,-1,0,1,-1,0,8,-8,0.0,0.19,-0.19,0,,,0,,,3661,3708,-47,0.0,,,0,,,0,,,,,,0,,,0.0%,,,0,,,3.2,0.9,2.3,0.6,0.5,0.1,0.4,,,0.2,,,0,0,0,0.0,,,0.01,,,-0.01,,,0.0,,,-12.4,-12.5,0.1,,,,,,,,0.0,1,-1
ramel keyton,both,25,24,FA,LVR,0,8,-8,0,3,-3,0,1,-1,0,7,-7,0.0,0.51,-0.51,0,,,0,,,0,3751,-3751,0.0,,,0,,,0,0,0,,0.0%,,0,0,0,,3.6%,,0,,,0.0,1.7,-1.7,0.0,0.6,-0.6,0.0,,,0.0,,,0,0,0,0.0,,,0.0,,,0.0,,,0.0,,,-13.0,-12.4,-0.6,,,,,,,,0.0,0.38,-0.38
tay martin,both,28,27,WAS,TEN,2,1,1,2,2,0,2,1,1,23,49,-26,0.46,0.39,0.07,2,,,18,,,3998,4023,-25,0.45,,,0,,,0,,,,,,0,,,0.0%,,,15,,,4.3,11.9,-7.6,2.1,11.9,-9.8,1.6,,,0.6,,,0,1,-1,0.0,,,0.01,,,-0.01,,,0.01,,,-10.8,-1.1,-9.7,1.53,,,,,,,1.0,2,-1
anthony miller,both,31,30,BAL,BAL,0,2,-2,0,1,-1,0,1,-1,0,16,-16,0.0,0.22,-0.22,0,,,0,,,3376,3332,44,0.0,,,0,,,0,,,,,,0,,,0.0%,,,0,,,0.0,2.6,-2.6,0.0,1.3,-1.3,0.0,,,0.0,,,0,0,0,0.0,,,0.0,,,0.0,,,0.0,,,-13.0,-11.7,-1.3,,,,,,,,0.0,0.5,-0.5
kendric pryor,both,27,26,CIN,CIN,0,1,-1,0,1,-1,0,1,-1,0,9,-9,0.0,0.16,-0.16,0,,,0,,,4565,3630,935,0.0,,,0,,,0,,,,,,0,,,0.0%,,,0,,,0.0,1.9,-1.9,0.0,1,-1,0.0,,,0.0,,,0,0,0,0.0,,,0.0,,,0.0,,,0.0,,,-13.0,-12,-1,,,,,,,,0.0,1,-1
john ross,both,30,29,FA,PHI,0,1,-1,0,2,-2,0,1,-1,0,6,-6,0.0,0.48,-0.48,0,,,0,,,0,2519,-2519,0.0,,,0,,,0,,,,,,0,,,,,,0,,,0.0,1.6,-1.6,0.0,1.6,-1.6,0.0,5.5,-5.5,0.0,-3.9,3.9,0,0,0,0.0,0,0,0.0,0.36,-0.36,0.0,-0.36,0.36,0.0,,,-13.0,-11.4,-1.6,,,,,,,,0.0,2,-2
tyler scott,both,24,23,LAR,CHI,0,11,-11,0,1,-1,0,1,-1,0,5,-5,0.0,0.19,-0.19,0,,,0,,,5296,3708,1588,0.0,,,0,,,0,,,,,,0,,,0.0%,,,0,,,0.0,1.5,-1.5,0.0,0.1,-0.1,0.0,,,0.0,,,0,0,0,0.0,,,0.0,,,0.0,,,0.0,,,-13.0,-12.9,-0.1,,,,,,,,0.0,0.09,-0.09
tyrell shavers,both,26,25,BUF,BUF,11,3,8,23,1,22,15,1,14,245,69,176,4.8,0.2,4.6,15,,,298,,,3614,3994,-380,8.25,,,0,,,0,,,,,,0,,,0.0%,,,209,,,45.5,13.9,31.6,4.1,4.6,-0.5,3.5,,,0.6,,,1,1,0,0.09,,,0.06,,,0.03,,,0.13,,,-8.9,-8.4,-0.5,1.17,,,,,,,2.09,0.33,1.76
trent taylor,both,31,30,SFO,SFO,0,2,-2,0,1,-1,0,1,-1,0,11,-11,0.0,0.19,-0.19,0,,,0,,,4130,3098,1032,0.0,,,0,,,0,,,,,,0,,,0.0%,,,0,,,0.0,2.1,-2.1,0.0,1.1,-1.1,0.0,,,0.0,,,0,0,0,0.0,,,0.0,,,0.0,,,0.0,,,-13.0,-11.9,-1.1,,,,,,,,0.0,0.5,-0.5
brycen tremayne,both,26,25,CAR,WAS,15,2,13,18,1,17,14,1,13,160,-2,162,3.75,0.2,3.55,14,,,157,,,3450,3189,261,4.55,,,1,,,1,,,100.0%,,,0,,,2.5%,,,114,,,30.0,0.8,29.2,2.0,0.4,1.6,1.7,,,0.3,,,0,0,0,0.0,,,0.01,,,-0.01,,,0.09,,,-11.0,-12.6,1.6,1.4,,,,,,,1.2,0.5,0.7
devontez walker,both,24,23,BAL,BAL,8,9,-1,8,3,5,6,1,5,136,21,115,1.97,0.66,1.31,6,,,196,,,3422,3332,90,5.73,,,1,,,1,,,100.0%,,,1,,,4.0%,,,61,,,37.6,9.1,28.5,4.7,1.3,3.4,2.3,,,2.4,,,3,1,2,0.38,,,0.15,,,0.22,,,0.07,,,-8.3,-11.7,3.4,2.23,,,,,,,1.0,0.33,0.67
casey washington,both,24,23,ATL,ATL,5,8,-3,14,2,12,6,1,5,94,14,80,2.7,0.37,2.33,7,,,262,,,4170,3790,380,6.28,,,0,,,0,,,,,,0,,,0.0%,,,101,,,15.4,2.4,13,3.1,1.2,1.9,5.0,1.7,3.3,-2.0,-0.5,-1.5,0,0,0,0.0,0,0,0.06,0.03,0.03,-0.06,-0.03,-0.03,0.08,,,-9.9,-11.8,1.9,0.93,,,,,,,2.8,0.25,2.55
braxton berrios,both,30,29,HOU,MIA,4,6,-2,8,4,4,6,0,6,37,0,37,1.45,0.7,0.75,6,0,6,24,26,-2,4765,2790,1975,0.5,0.93,-0.43,2,1,1,2,0,2,100.0%,0.0%,100,0,0,0,4.2%,2.8%,1.4,42,,,9.7,0,9.7,2.4,0,2.4,2.9,,,-0.5,,,0,0,0,0.0,,,0.02,,,-0.02,,,0.03,0.02,0.01,-10.6,-13,2.4,0.88,,,,,,,2.0,0.67,1.33
irvin charles,both,28,27,NYJ,NYJ,0,13,-13,0,1,-1,0,0,0,0,0,0,0.0,0.17,-0.17,0,,,0,,,3218,3922,-704,0.0,,,0,,,0,0,0,,0.0%,,0,0,0,0.0%,1.6%,-1.6,0,,,0.0,0,0,0.0,0,0,0.0,,,0.0,,,0,0,0,0.0,,,0.0,,,0.0,,,0.0,,,-13.0,-13,0,,,,,,,,0.0,0.08,-0.08
erik ezukanma,both,25,24,JAX,MIA,0,2,-2,0,2,-2,0,0,0,0,0,0,0.0,0.35,-0.35,0,,,0,,,4879,2790,2089,0.0,,,0,,,0,,,,,,0,,,0.0%,,,0,,,0.0,0,0,0.0,0,0,0.0,2,-2,0.0,-2,2,0,0,0,0.0,0,0,0.0,0.13,-0.13,0.0,-0.13,0.13,0.0,,,-13.0,-13,0,,,,,,,,0.0,1,-1
kameron johnson,both,23,22,TAM,TAM,17,5,12,7,1,6,4,0,4,64,0,64,1.29,0.18,1.11,5,,,88,,,4504,3428,1076,1.95,,,0,,,0,0,0,,0.0%,,0,0,0,0.0%,2.4%,-2.4,43,,,17.7,1.1,16.6,1.0,0.2,0.8,0.8,,,0.2,,,1,0,1,0.06,,,0.01,,,0.05,,,0.03,,,-12.0,-12.8,0.8,1.49,,,,,,,0.41,0.2,0.21
tom kennedy,both,29,28,DET,DET,6,4,2,4,1,3,4,0,4,36,0,36,0.73,0.19,0.54,4,,,32,,,3732,2797,935,0.86,,,0,,,0,,,,,,0,,,0.0%,,,30,,,7.6,0,7.6,1.3,0,1.3,1.0,,,0.3,,,0,0,0,0.0,,,0.01,,,-0.01,,,0.02,,,-11.7,-13,1.3,1.2,,,,,,,0.67,0.25,0.42
skyy moore,both,25,24,SFO,KAN,17,6,11,7,3,4,5,0,5,87,0,87,1.27,0.52,0.75,5,,,110,,,4296,2706,1590,2.56,,,0,,,0,,,,,,0,,,0.0%,,,69,,,14.8,0,14.8,0.9,0,0.9,0.8,,,0.1,,,0,0,0,0.0,,,0.01,,,-0.01,,,0.04,,,-12.1,-13,0.9,1.26,,,,,,,0.41,0.5,-0.09
justyn ross,both,26,25,FA,KAN,0,2,-2,0,1,-1,0,0,0,0,0,0,0.0,0.17,-0.17,0,,,0,,,0,2706,-2706,0.0,,,0,,,0,0,0,,0.0%,,0,0,0,,2.0%,,0,,,0.0,0,0,0.0,0,0,0.0,1.7,-1.7,0.0,-1.7,1.7,0,0,0,0.0,0,0,0.0,0.22,-0.22,0.0,-0.22,0.22,0.0,,,-13.0,-13,0,,,,,,,,0.0,0.5,-0.5
kadarius toney,both,26,25,FA,CLE,0,3,-3,0,1,-1,0,0,0,0,0,0,0.0,0.16,-0.16,0,,,0,,,0,4491,-4491,0.0,,,0,,,0,,,,,,0,,,,,,0,,,0.0,-2.4,2.4,0.0,-0.8,0.8,0.0,,,0.0,,,0,0,0,0.0,,,0.0,,,0.0,,,0.0,,,-13.0,-13.8,0.8,,,,,,,,0.0,0.33,-0.33
xavier weaver,both,25,24,ARI,ARI,7,2,5,13,2,11,7,0,7,67,0,67,2.11,0.38,1.73,7,,,192,,,4660,2668,1992,4.12,,,3,,,2,,,66.7%,,,0,,,7.3%,,,199,,,13.7,0,13.7,2.0,0,2,3.4,3.7,-0.3,-1.5,-3.7,2.2,0,0,0,0.0,0,0,0.14,0.28,-0.14,-0.14,-0.28,0.14,0.06,,,-11.0,-13,2,0.34,,,,,,,1.86,1,0.86
dareke young,both,26,25,SEA,SEA,8,14,-6,3,1,2,2,0,2,48,0,48,0.66,0.18,0.48,2,,,57,,,3758,3520,238,1.52,,,0,,,0,,,,,,0,,,0.0%,,,17,,,6.8,0,6.8,0.8,0,0.8,0.6,,,0.3,,,0,0,0,0.0,,,0.01,,,-0.01,,,0.02,,,-12.2,-13,0.8,2.82,,,,,,,0.38,0.07,0.31
